Document Name,Document Title,Document Public Url
"THE UNIVERSITY OF HORTICULTURAL SCIENCES ACT, 2009-ENG.pdf","THE UNIVERSITY OF HORTICULTURAL SCIENCES ACT, 2009",https://storage.googleapis.com/jugalbandi/generic_qa/e62866ab-a459-498a-92f8-96efb754e9ad/THE%20UNIVERSITY%20OF%20HORTICULTURAL%20SCIENCES%20ACT%2C%202009-ENG.pdf
04 of 2020 (E).pdf,"THE KARNATAKA STATE CIVIL SERVICES (REGULATION OF TRANSFER OF TEACHERS) ACT, 2020",https://storage.googleapis.com/jugalbandi/generic_qa/e62866ab-a459-498a-92f8-96efb754e9ad/04%20of%202020%20%28E%29.pdf
"THE KARNATAKA TRAFFIC CONTROL ACT, 1960-ENG.pdf","THE KARNATAKA TRAFFIC CONTROL ACT, 1960",https://storage.googleapis.com/jugalbandi/generic_qa/e62866ab-a459-498a-92f8-96efb754e9ad/THE%20KARNATAKA%20TRAFFIC%20CONTROL%20ACT%2C%201960-ENG.pdf
"SRI JAGADHGURU MURUGARAJENDRAUNIVERSITY ACT, 2020-ENG.pdf","SRI JAGADHGURU MURUGARAJENDRA UNIVERSITY ACT, 2020",https://storage.googleapis.com/jugalbandi/generic_qa/e62866ab-a459-498a-92f8-96efb754e9ad/SRI%20JAGADHGURU%20MURUGARAJENDRAUNIVERSITY%20ACT%2C%202020-ENG.pdf
"THE KARNATAKA LOCAL AUTHORITIES (PROHIBITION OF DEFECTION) ACT, 1987 - ENG.pdf","THE KARNATAKA LOCAL AUTHORITIES (PROHIBITION OF DEFECTION) ACT, 1987",https://storage.googleapis.com/jugalbandi/generic_qa/e62866ab-a459-498a-92f8-96efb754e9ad/THE%20KARNATAKA%20LOCAL%20AUTHORITIES%20%28PROHIBITION%20OF%20DEFECTION%29%20ACT%2C%201987%20-%20ENG.pdf
THE KARNATAKA PROHIBITION OF VIOLENCE AGAINST....ETC 2009-ENG.pdf,"THE KARNATAKA PROHIBITION OF VIOLENCE AGAINST MEDICARE SERVICE PERSONNEL AND DAMAGE TO PROPERTY IN MEDICARE SERVICE INSTITUTIONS ACT, 2009",https://storage.googleapis.com/jugalbandi/generic_qa/e62866ab-a459-498a-92f8-96efb754e9ad/THE%20KARNATAKA%20PROHIBITION%20OF%20VIOLENCE%20AGAINST....ETC%202009-ENG.pdf
"THE SRINIVAS UNIVERSITY ACT, 2013-ENG.pdf","THE SRINIVAS UNIVERSITY ACT, 2013",https://storage.googleapis.com/jugalbandi/generic_qa/e62866ab-a459-498a-92f8-96efb754e9ad/THE%20SRINIVAS%20UNIVERSITY%20ACT%2C%202013-ENG.pdf
"THE KARNATAKA GOOD SAMARITAN AND MEDICAL PROFESSIONAL etc ACT, 2016-ENG.pdf","THE KARNATAKA GOOD SAMARITAN AND MEDICAL PROFESSIONAL (PROTECTION AND REGULATION DURING EMERGENCY SITUATIONS) ACT, 2016",https://storage.googleapis.com/jugalbandi/generic_qa/e62866ab-a459-498a-92f8-96efb754e9ad/THE%20KARNATAKA%20GOOD%20SAMARITAN%20AND%20MEDICAL%20PROFESSIONAL%20etc%20ACT%2C%202016-ENG.pdf
23 of 2013 Rules (E).pdf,"Shri Devaraj University Rules, 2019",https://storage.googleapis.com/jugalbandi/generic_qa/e62866ab-a459-498a-92f8-96efb754e9ad/23%20of%202013%20Rules%20%28E%29.pdf
"THE KARNATAKA PREVENTION OF INCITEMENT TO REFUSE OR TO DEFER PAYMENT OF TAX ACT, 1981-ENG.pdf","THE KARNATAKA PREVENTION OF INCITEMENT TO REFUSE OR TO DEFER PAYMENT OF TAX ACT, 1981",https://storage.googleapis.com/jugalbandi/generic_qa/e62866ab-a459-498a-92f8-96efb754e9ad/THE%20KARNATAKA%20PREVENTION%20OF%20INCITEMENT%20TO%20REFUSE%20OR%20TO%20DEFER%20PAYMENT%20OF%20TAX%20ACT%2C%201981-ENG.pdf
"THE KARNATAKA SILKWORM SEED, COCOON AND SILK YARN (REGULATION OF...ETC 1959-ENG.pdf","THE KARNATAKA SILKWORM SEED, COCOON AND SILK YARN (REGULATION OF PRODUCTION, SUPPLY DISTRIBU TION AND SALE) ACT, 1959",https://storage.googleapis.com/jugalbandi/generic_qa/e62866ab-a459-498a-92f8-96efb754e9ad/THE%20KARNATAKA%20SILKWORM%20SEED%2C%20COCOON%20AND%20SILK%20YARN%20%28REGULATION%20OF...ETC%201959-ENG.pdf
"THE KARNATAKA REPEALING AND AMENDING (REGIONAL LAWS) ACT, 2009-ENG.pdf","THE KARNATAKA REPEALING AND AMENDING (REGIONAL LAWS) ACT, 2009",https://storage.googleapis.com/jugalbandi/generic_qa/e62866ab-a459-498a-92f8-96efb754e9ad/THE%20KARNATAKA%20REPEALING%20AND%20AMENDING%20%28REGIONAL%20LAWS%29%20ACT%2C%202009-ENG.pdf
10 of 2002 (E).pdf,"THE KARNATAKA DETERMINATION OF SENIORITY OF THE GOVERNMENT SERVANTS PROMOTED ON THE BASIS OF RESERVATION (TO THE POSTS IN THE CIVIL SERVICES OF THE STATE) ACT, 2002",https://storage.googleapis.com/jugalbandi/generic_qa/e62866ab-a459-498a-92f8-96efb754e9ad/10%20of%202002%20%28E%29.pdf
"THE KARNATAKA PROFESSIONAL EDUCATIONAL INSTITUTIONS (REGULATION OF ADMISSION AND FIXATION OF FEE) (SPECIAL PROVISIONS)  ACT, 2013-ENG.pdf","THE KARNATAKA PROFESSIONAL EDUCATIONAL INSTITUTIONS (REGULATION OF ADMISSION AND FIXATION OF FEE) (SPECIAL PROVISIONS) ACT, 2013",https://storage.googleapis.com/jugalbandi/generic_qa/e62866ab-a459-498a-92f8-96efb754e9ad/THE%20KARNATAKA%20PROFESSIONAL%20EDUCATIONAL%20INSTITUTIONS%20%28REGULATION%20OF%20ADMISSION%20AND%20FIXATION%20OF%20FEE%29%20%28SPECIAL%20PROVISIONS%29%20%20ACT%2C%202013-ENG.pdf
1 of 1995 (E).pdf,"THE KARNATAKA EDUCATION ACT, 1983",https://storage.googleapis.com/jugalbandi/generic_qa/e62866ab-a459-498a-92f8-96efb754e9ad/1%20of%201995%20%28E%29.pdf
26 of 1989 (E).pdf,"THE KARNATAKA SUPPLY OF FOREST PRODUCE BY GOVERNMENT (REVISION OF AGREEMENTS) ACT, 1987",https://storage.googleapis.com/jugalbandi/generic_qa/e62866ab-a459-498a-92f8-96efb754e9ad/26%20of%201989%20%28E%29.pdf
"THE KARNATAKA STAMP ACT, 1957-ENG.pdf","THE KARNATAKA STAMP ACT, 1957",https://storage.googleapis.com/jugalbandi/generic_qa/e62866ab-a459-498a-92f8-96efb754e9ad/THE%20KARNATAKA%20STAMP%20ACT%2C%201957-ENG.pdf
2 of 2011 (E) emblem.pdf,"THE KARNATAKA STATE CIVIL SERVICES (REGULATION OF TRANSFER OF MEDICAL OFFICERS AND OTHER STAFF) ACT, 2011",https://storage.googleapis.com/jugalbandi/generic_qa/e62866ab-a459-498a-92f8-96efb754e9ad/2%20of%202011%20%28E%29%20emblem.pdf
"5 of 1957HE KARNATAKA MINISTERS SALARIES AND ALLOWANCES ACT, 1956 (E).pdf","THE KARNATAKA MINISTERS SALARIES AND ALLOWANCES ACT, 1956",https://storage.googleapis.com/jugalbandi/generic_qa/e62866ab-a459-498a-92f8-96efb754e9ad/5%20of%201957HE%20KARNATAKA%20MINISTERS%20SALARIES%20AND%20ALLOWANCES%20ACT%2C%201956%20%28E%29.pdf
17 of 2019 Rules (E).pdf,"Karnataka Debt Relief Rules, 2019",https://storage.googleapis.com/jugalbandi/generic_qa/e62866ab-a459-498a-92f8-96efb754e9ad/17%20of%202019%20Rules%20%28E%29.pdf
"THE KARNATAKA STATE OPEN UNIVERSITY ACT, 1992-ENG.pdf","THE KARNATAKA STATE OPEN UNIVERSITY ACT, 1992",https://storage.googleapis.com/jugalbandi/generic_qa/e62866ab-a459-498a-92f8-96efb754e9ad/THE%20KARNATAKA%20STATE%20OPEN%20UNIVERSITY%20ACT%2C%201992-ENG.pdf
THE KARNATAKA REGULARISATION OF UNAUTHORISED...ETC 1991-ENG.pdf,"THE KARNATAKA REGULARISATION OF UNAUTHORISED CONSTRUCTION IN URBAN AREAS ACT, 1991",https://storage.googleapis.com/jugalbandi/generic_qa/e62866ab-a459-498a-92f8-96efb754e9ad/THE%20KARNATAKA%20REGULARISATION%20OF%20UNAUTHORISED...ETC%201991-ENG.pdf
16 of 2018 (E) emblem.pdf,"AMITY UNIVERSITY ACT, 2018",https://storage.googleapis.com/jugalbandi/generic_qa/e62866ab-a459-498a-92f8-96efb754e9ad/16%20of%202018%20%28E%29%20emblem.pdf
26 of 2015 (E).pdf,"THE KARNATAKA COMPULSORY SERVICE BY CANDIDATES COMPLETED MEDICAL COURSES ACT, 2012",https://storage.googleapis.com/jugalbandi/generic_qa/e62866ab-a459-498a-92f8-96efb754e9ad/26%20of%202015%20%28E%29.pdf
26 of 2005 (E).pdf,"THE KARNATAKA CONDUCT OF GOVERNMENT BUSINESS IN THE STATE LEGISLATURE ACT, 2005",https://storage.googleapis.com/jugalbandi/generic_qa/e62866ab-a459-498a-92f8-96efb754e9ad/26%20of%202005%20%28E%29.pdf
"THE UNIVERSITIES OF AGRICULTURAL SCIENCES ACT, 2009-ENG.pdf","THE UNIVERSITIES OF AGRICULTURAL SCIENCES ACT, 2009",https://storage.googleapis.com/jugalbandi/generic_qa/e62866ab-a459-498a-92f8-96efb754e9ad/THE%20UNIVERSITIES%20OF%20AGRICULTURAL%20SCIENCES%20ACT%2C%202009-ENG.pdf
"THE KARNATAKA PRIVATE AIDED EDUCATIONAL INSTITUTIONS EMPLOYEES (REGULATION OF PAY, PENSION AND OTHER BENEFITS) ACT, 2014-ENG.pdf","THE KARNATAKA PRIVATE AIDED EDUCATIONAL INSTITUTIONS EMPLOYEES (REGULATION OF PAY, PENSION AND OTHER BENEFITS) ACT, 2014",https://storage.googleapis.com/jugalbandi/generic_qa/e62866ab-a459-498a-92f8-96efb754e9ad/THE%20KARNATAKA%20PRIVATE%20AIDED%20EDUCATIONAL%20INSTITUTIONS%20EMPLOYEES%20%28REGULATION%20OF%20PAY%2C%20PENSION%20AND%20OTHER%20BENEFITS%29%20ACT%2C%202014-ENG.pdf
"THE KARNATAKA STATE COMMISSION FOR SAFAI KARMACHARIS ACT, 2012-ENG.pdf","THE KARNATAKA STATE COMMISSION FOR SAFAIKARMACHARIS ACT, 2012",https://storage.googleapis.com/jugalbandi/generic_qa/e62866ab-a459-498a-92f8-96efb754e9ad/THE%20KARNATAKA%20STATE%20COMMISSION%20FOR%20SAFAI%20KARMACHARIS%20ACT%2C%202012-ENG.pdf
11 of 1957 (E).pdf,"THE KARNATAKA CONTINGENCY FUND ACT, 1957",https://storage.googleapis.com/jugalbandi/generic_qa/e62866ab-a459-498a-92f8-96efb754e9ad/11%20of%201957%20%28E%29.pdf
"THE SAHYADRI HERITAGE DEVELOPMENT AUTHORITY ACT, 2011-ENG.pdf","THE SAHYADRI HERITAGE DEVELOPMENT AUTHORITY ACT, 2011",https://storage.googleapis.com/jugalbandi/generic_qa/e62866ab-a459-498a-92f8-96efb754e9ad/THE%20SAHYADRI%20HERITAGE%20DEVELOPMENT%20AUTHORITY%20ACT%2C%202011-ENG.pdf
"THE KARNATAKA JANAPADA VISHWAVIDYALAYA ACT, 2011-ENG.pdf","THE KARNATAKA JANAPADA VISHWAVIDYALAYA ACT, 2011",https://storage.googleapis.com/jugalbandi/generic_qa/e62866ab-a459-498a-92f8-96efb754e9ad/THE%20KARNATAKA%20JANAPADA%20VISHWAVIDYALAYA%20ACT%2C%202011-ENG.pdf
"THE KARNATAKA SCHEDULED CASTES, SCHEDULED TRIBES AND...ETC 1990-ENG.pdf","THE KARNATAKA SCHEDULED CASTES, SCHEDULED TRIBES AND OTHER BACKWARD CLASSES (RESERVATION OF APPOINTMENT ETC) ACT, 1990",https://storage.googleapis.com/jugalbandi/generic_qa/e62866ab-a459-498a-92f8-96efb754e9ad/THE%20KARNATAKA%20SCHEDULED%20CASTES%2C%20SCHEDULED%20TRIBES%20AND...ETC%201990-ENG.pdf
"THE KARNATAKA SMALL CAUSE COURTS ACT, 1964-ENG.pdf","THE KARNATAKA SMALL CAUSE COURTS ACT, 1964",https://storage.googleapis.com/jugalbandi/generic_qa/e62866ab-a459-498a-92f8-96efb754e9ad/THE%20KARNATAKA%20SMALL%20CAUSE%20COURTS%20ACT%2C%201964-ENG.pdf
"THE KARNATAKA (SANDUR AREA) INAMS ABOLITION ACT, 1976-ENG.pdf","THE KARNATAKA (SANDUR AREA) INAMS ABOLITION ACT, 1976",https://storage.googleapis.com/jugalbandi/generic_qa/e62866ab-a459-498a-92f8-96efb754e9ad/THE%20KARNATAKA%20%28SANDUR%20AREA%29%20INAMS%20ABOLITION%20ACT%2C%201976-ENG.pdf
42 of 1964 (E).pdf,"THE KARNATAKA FIRE FORCE ACT, 1964",https://storage.googleapis.com/jugalbandi/generic_qa/e62866ab-a459-498a-92f8-96efb754e9ad/42%20of%201964%20%28E%29.pdf
THE KARNATAKA REGULATION OF PAY AND PENSION OF TEACHER IN...ETC 2020-ENG.pdf,"THE KARNATAKA REGULATION OF PAY AND PENSION OF TEACHER IN HIGHER EDUCATIONAL INSTITUTIONS ACT, 2020",https://storage.googleapis.com/jugalbandi/generic_qa/e62866ab-a459-498a-92f8-96efb754e9ad/THE%20KARNATAKA%20REGULATION%20OF%20PAY%20AND%20PENSION%20OF%20TEACHER%20IN...ETC%202020-ENG.pdf
THE KARNATAKA STATE CIVIL SERVICES (REGULATION OF TRANSFER OF....ETC 2007-ENG.pdf,"THE KARNATAKA STATE CIVIL SERVICES (REGULATION OF TRANSFER OF TEACHERS) ACT, 2007",https://storage.googleapis.com/jugalbandi/generic_qa/e62866ab-a459-498a-92f8-96efb754e9ad/THE%20KARNATAKA%20STATE%20CIVIL%20SERVICES%20%28REGULATION%20OF%20TRANSFER%20OF....ETC%202007-ENG.pdf
"THE KARNATAKA KRISHNA BASIN DEVELOPMENT AUTHORITY (REPEAL)ACT, 2021-ENG.pdf","THE KARNATAKA KRISHNA BASIN DEVELOPMENT AUTHORITY (REPEAL) ACT, 2021",https://storage.googleapis.com/jugalbandi/generic_qa/e62866ab-a459-498a-92f8-96efb754e9ad/THE%20KARNATAKA%20KRISHNA%20BASIN%20DEVELOPMENT%20AUTHORITY%20%28REPEAL%29ACT%2C%202021-ENG.pdf
8 of 2018 (E) emblem.pdf,"THE BANAVASI DEVELOPMENT AUTHORITY ACT, 2018",https://storage.googleapis.com/jugalbandi/generic_qa/e62866ab-a459-498a-92f8-96efb754e9ad/8%20of%202018%20%28E%29%20emblem.pdf
"SHRI DHARMASTHALA MANJUNATHESHWARA UNIVERSITY ACT, 2018-ENG.pdf","SHRI DHARMASTHALA MANJUNATHESHWARA UNIVERSITY ACT, 2018",https://storage.googleapis.com/jugalbandi/generic_qa/e62866ab-a459-498a-92f8-96efb754e9ad/SHRI%20DHARMASTHALA%20MANJUNATHESHWARA%20UNIVERSITY%20ACT%2C%202018-ENG.pdf
"THE KARNATAKA PROTECTION OF RIGHT TO FREEDOM OF RELIGION ACT, 2022-ENG.pdf","THE KARNATAKA PROTECTION OF RIGHT TO FREEDOM OF RELIGION ACT, 2022",https://storage.googleapis.com/jugalbandi/generic_qa/e62866ab-a459-498a-92f8-96efb754e9ad/THE%20KARNATAKA%20PROTECTION%20OF%20RIGHT%20TO%20FREEDOM%20OF%20RELIGION%20ACT%2C%202022-ENG.pdf
20 of 1982 (E).pdf,"THE CODE OF CRIMINAL PROCEDURE (KARNATAKA AMENDMENT) ACT, 1982",https://storage.googleapis.com/jugalbandi/generic_qa/e62866ab-a459-498a-92f8-96efb754e9ad/20%20of%201982%20%28E%29.pdf
15 of 1990 (E)Fishing Harbour Terminals Authority Act 1986.pdf,"THE KARNATAKA FISHING HARBOUR TERMINALS AUTHORITY ACT, 1986",https://storage.googleapis.com/jugalbandi/generic_qa/e62866ab-a459-498a-92f8-96efb754e9ad/15%20of%201990%20%28E%29Fishing%20Harbour%20Terminals%20Authority%20Act%201986.pdf
"21 of 2018 (E)Extension Of Consequential Seniority To Government Servants Promoted On The Basis Of Reservation (To The Posts In The Civil Services Of The State) Act, 2017 (21 of 2018).pdf","THE KARNATAKA EXTENSION OF CONSEQUENTIAL SENIORITY TO GOVERNMENT SERVANTS PROMOTED ON THE BASIS OF RESERVATION (TO THE POSTS IN THE CIVIL SERVICES OF THE STATE) ACT, 2017",https://storage.googleapis.com/jugalbandi/generic_qa/e62866ab-a459-498a-92f8-96efb754e9ad/21%20of%202018%20%28E%29Extension%20Of%20Consequential%20Seniority%20To%20Government%20Servants%20Promoted%20On%20The%20Basis%20Of%20Reservation%20%28To%20The%20Posts%20In%20The%20Civil%20Services%20Of%20The%20State%29%20Act%2C%202017%20%2821%20of%202018%29.pdf
"THE KARNATAKA MEDICAL REGISTRATION ACT, 1961 (E).pdf","THE KARNATAKA MEDICAL REGISTRATION ACT, 1961",https://storage.googleapis.com/jugalbandi/generic_qa/e62866ab-a459-498a-92f8-96efb754e9ad/THE%20KARNATAKA%20MEDICAL%20REGISTRATION%20ACT%2C%201961%20%28E%29.pdf
"THE KARNATAKA REPEALING OF CERTAIN ENACTMENTS AND REGIONAL LAWS ACT, 2013-ENG.pdf","THE KARNATAKA REPEALING OF CERTAIN ENACTMENTS AND REGIONAL LAWS ACT, 2013",https://storage.googleapis.com/jugalbandi/generic_qa/e62866ab-a459-498a-92f8-96efb754e9ad/THE%20KARNATAKA%20REPEALING%20OF%20CERTAIN%20ENACTMENTS%20AND%20REGIONAL%20LAWS%20ACT%2C%202013-ENG.pdf
19 of 1985 (E).pdf,"THE CODE OF CRIMINAL PROCEDURE (KARNATAKA AMENDMENT) ACT, 1985",https://storage.googleapis.com/jugalbandi/generic_qa/e62866ab-a459-498a-92f8-96efb754e9ad/19%20of%201985%20%28E%29.pdf
"THE RAI TECHNOLOGY UNIVERSITY, BANGALORE ACT, 2012-ENG.pdf","THE RAI TECHNOLOGY UNIVERSITY, BANGALORE ACT, 2012",https://storage.googleapis.com/jugalbandi/generic_qa/e62866ab-a459-498a-92f8-96efb754e9ad/THE%20RAI%20TECHNOLOGY%20UNIVERSITY%2C%20BANGALORE%20ACT%2C%202012-ENG.pdf
"THE KLE TECHNOLOGICAL UNIVERSITY ACT, 2012-ENG.pdf","THE KLE TECHNOLOGICAL UNIVERSITY ACT, 2012",https://storage.googleapis.com/jugalbandi/generic_qa/e62866ab-a459-498a-92f8-96efb754e9ad/THE%20KLE%20TECHNOLOGICAL%20UNIVERSITY%20ACT%2C%202012-ENG.pdf
21 of 1964 (E).pdf,"THE KARNATAKA CIVIL COURTS ACT, 1964",https://storage.googleapis.com/jugalbandi/generic_qa/e62866ab-a459-498a-92f8-96efb754e9ad/21%20of%201964%20%28E%29.pdf
"23 of 1975 (E)Government Parks (Preservation) Act, 1975 (23 of 1975)- Amended by Acts 24 of 1976, 30 of 1982, 42 of 2003, 21 of 2010, 21 of 2011 and 58 of 2013.pdf","THE KARNATAKA GOVERNMENT PARKS (PRESERVATION) ACT, 1975)",https://storage.googleapis.com/jugalbandi/generic_qa/e62866ab-a459-498a-92f8-96efb754e9ad/23%20of%201975%20%28E%29Government%20Parks%20%28Preservation%29%20Act%2C%201975%20%2823%20of%201975%29-%20Amended%20by%20Acts%2024%20of%201976%2C%2030%20of%201982%2C%2042%20of%202003%2C%2021%20of%202010%2C%2021%20of%202011%20and%2058%20of%202013.pdf
14 of 2022 (E).pdf,"THE KARNATAKA CIVIL SERVICES (VALIDATION OF SELECTION AND APPOINTMENT OF 2011 BATCH GAZETTED PROBATIONERS) ACT, 2022",https://storage.googleapis.com/jugalbandi/generic_qa/e62866ab-a459-498a-92f8-96efb754e9ad/14%20of%202022%20%28E%29.pdf
"THE KARNATAKA VETERINARY, ANIMAL AND FISHERIES...ETC 2004-ENG.pdf","THE KARNATAKA VETERINARY, ANIMAL AND FISHERIES SCIENCES UNIVERSITY ACT, 2004",https://storage.googleapis.com/jugalbandi/generic_qa/e62866ab-a459-498a-92f8-96efb754e9ad/THE%20KARNATAKA%20VETERINARY%2C%20ANIMAL%20AND%20FISHERIES...ETC%202004-ENG.pdf
"THE KARNATAKA PROHIBITION OF CHARGING EXORBITANT INTEREST ACT, 2004-ENG.pdf",THE KARNATAKA PROHIBITION OF CHARGING EXORBITANT INTEREST ACT 2004,https://storage.googleapis.com/jugalbandi/generic_qa/e62866ab-a459-498a-92f8-96efb754e9ad/THE%20KARNATAKA%20PROHIBITION%20OF%20CHARGING%20EXORBITANT%20INTEREST%20ACT%2C%202004-ENG.pdf
"THE R V UNIVERSITY ACT, 2019-ENG.pdf","THE R V UNIVERSITY ACT, 2019",https://storage.googleapis.com/jugalbandi/generic_qa/e62866ab-a459-498a-92f8-96efb754e9ad/THE%20R%20V%20UNIVERSITY%20ACT%2C%202019-ENG.pdf
"THE KARNATAKA STATE COMMISSION FOR WOMEN ACT, 1995-ENG.pdf","THE KARNATAKA STATE COMMISSION FOR WOMEN ACT, 1995",https://storage.googleapis.com/jugalbandi/generic_qa/e62866ab-a459-498a-92f8-96efb754e9ad/THE%20KARNATAKA%20STATE%20COMMISSION%20FOR%20WOMEN%20ACT%2C%201995-ENG.pdf
"THE VISVESVARAYA TECHONOLOGICAL UNIVERSITY ACT, 1994-ENG.pdf","THE VISVESVARAYA TECHONOLOGICAL UNIVERSITY ACT, 1994",https://storage.googleapis.com/jugalbandi/generic_qa/e62866ab-a459-498a-92f8-96efb754e9ad/THE%20VISVESVARAYA%20TECHONOLOGICAL%20UNIVERSITY%20ACT%2C%201994-ENG.pdf
12 of 2010 (E) emblem.pdf,"THE KARNATAKA BORDER AREA DEVELOPMENT AUTHORITY ACT, 2010",https://storage.googleapis.com/jugalbandi/generic_qa/e62866ab-a459-498a-92f8-96efb754e9ad/12%20of%202010%20%28E%29%20emblem.pdf
35 of 1984 (E).pdf,"THE CODE OF CRIMINAL PROCEDURE (KARNATAKA AMENDMENT) ACT, 1983",https://storage.googleapis.com/jugalbandi/generic_qa/e62866ab-a459-498a-92f8-96efb754e9ad/35%20of%201984%20%28E%29.pdf
"THE KARNATAKA LEGISLATURE (PREVENTION OF DISQUALIFICATION) ACT, 1956 -ENG.pdf","THE KARNATAKA LEGISLATURE (PREVENTION OF DISQUALIFICATION) ACT, 1956",https://storage.googleapis.com/jugalbandi/generic_qa/e62866ab-a459-498a-92f8-96efb754e9ad/THE%20KARNATAKA%20LEGISLATURE%20%28PREVENTION%20OF%20DISQUALIFICATION%29%20ACT%2C%201956%20-ENG.pdf
"THE KARNATAKA SOCIETIES REGISTRATION ACT, 1960-ENG.pdf","THE KARNATAKA SOCIETIES REGISTRATION ACT, 1960",https://storage.googleapis.com/jugalbandi/generic_qa/e62866ab-a459-498a-92f8-96efb754e9ad/THE%20KARNATAKA%20SOCIETIES%20REGISTRATION%20ACT%2C%201960-ENG.pdf
"THE KARNATAKA STATE HIGHER EDUCATION COUNCIL ACT, 2010-ENG.pdf","THE KARNATAKA STATE HIGHER EDUCATION COUNCIL ACT, 2010",https://storage.googleapis.com/jugalbandi/generic_qa/e62866ab-a459-498a-92f8-96efb754e9ad/THE%20KARNATAKA%20STATE%20HIGHER%20EDUCATION%20COUNCIL%20ACT%2C%202010-ENG.pdf
"THE KARNATAKA HOMŒOPATHIC PRACTITIONERS ACT, 1961-ENG.pdf","THE KARNATAKA HOMŒOPATHIC PRACTITIONERS ACT, 1961",https://storage.googleapis.com/jugalbandi/generic_qa/e62866ab-a459-498a-92f8-96efb754e9ad/THE%20KARNATAKA%20HOM%C5%92OPATHIC%20PRACTITIONERS%20ACT%2C%201961-ENG.pdf
1 of 1984 (E).pdf,"THE KARNATAKA DEVADASIS (PROHIBITION OF DEDICATION) ACT, 1982",https://storage.googleapis.com/jugalbandi/generic_qa/e62866ab-a459-498a-92f8-96efb754e9ad/1%20of%201984%20%28E%29.pdf
"THE KARNATAKA TRANSPARENCY IN PUBLIC PROCUREMENTS ACT, 1999-ENG.pdf","THE KARNATAKA TRANSPARENCY IN PUBLIC PROCUREMENTS ACT, 1999",https://storage.googleapis.com/jugalbandi/generic_qa/e62866ab-a459-498a-92f8-96efb754e9ad/THE%20KARNATAKA%20TRANSPARENCY%20IN%20PUBLIC%20PROCUREMENTS%20ACT%2C%201999-ENG.pdf
"THE KARNATAKA PROFESSIONAL EDUCATIONAL INSTITUTIONS (REGULATION OF ADMISSION AND FIXATION OF FEE) (SPECIAL PROVISIONS)  ACT, 2012-ENG.pdf","THE KARNATAKA PROFESSIONAL EDUCATIONAL INSTITUTIONS (REGULATION OF ADMISSION AND FIXATION OF FEE) (SPECIAL PROVISIONS) ACT, 2012",https://storage.googleapis.com/jugalbandi/generic_qa/e62866ab-a459-498a-92f8-96efb754e9ad/THE%20KARNATAKA%20PROFESSIONAL%20EDUCATIONAL%20INSTITUTIONS%20%28REGULATION%20OF%20ADMISSION%20AND%20FIXATION%20OF%20FEE%29%20%28SPECIAL%20PROVISIONS%29%20%20ACT%2C%202012-ENG.pdf
"THE VYDEHI UNIVERSITY ACT, 2013-ENG.pdf","THE VYDEHI UNIVERSITY ACT, 2013",https://storage.googleapis.com/jugalbandi/generic_qa/e62866ab-a459-498a-92f8-96efb754e9ad/THE%20VYDEHI%20UNIVERSITY%20ACT%2C%202013-ENG.pdf
THE KARNATAKA SECONDARY EDUCATION...ETC 1966-ENG.pdf,"THE KARNATAKA SECONDARY EDUCATION EXAMINATION BOARD ACT, 1966",https://storage.googleapis.com/jugalbandi/generic_qa/e62866ab-a459-498a-92f8-96efb754e9ad/THE%20KARNATAKA%20SECONDARY%20EDUCATION...ETC%201966-ENG.pdf
"THE KARNATAKA LIFTS, ESCALATORS AND PASSENGER CONVEYORS ACT, 2012- ENG.pdf","THE KARNATAKA LIFTS, ESCALATORS AND PASSENGER CONVEYORS ACT, 2012",https://storage.googleapis.com/jugalbandi/generic_qa/e62866ab-a459-498a-92f8-96efb754e9ad/THE%20KARNATAKA%20LIFTS%2C%20ESCALATORS%20AND%20PASSENGER%20CONVEYORS%20ACT%2C%202012-%20ENG.pdf
29 of 1975 (E).pdf,"THE CRIMINAL LAW AND IDENTIFICATION OF PRISONERS (KARNATAKA EXTENSION AND AMENDMENT) ACT, 1975",https://storage.googleapis.com/jugalbandi/generic_qa/e62866ab-a459-498a-92f8-96efb754e9ad/29%20of%201975%20%28E%29.pdf
THE KARNATAKA RELIEF UNDERTAKINGS (SPECIAL PROVISIONS)...ETC 1977-ENG.pdf,"THE KARNATAKA RELIEF UNDERTAKINGS (SPECIAL PROVISIONS) ACT, 1977",https://storage.googleapis.com/jugalbandi/generic_qa/e62866ab-a459-498a-92f8-96efb754e9ad/THE%20KARNATAKA%20RELIEF%20UNDERTAKINGS%20%28SPECIAL%20PROVISIONS%29...ETC%201977-ENG.pdf
A1974-02 (E).pdf,"THE CODE OF CRIMINAL PROCEDURE, 1973",https://storage.googleapis.com/jugalbandi/generic_qa/e62866ab-a459-498a-92f8-96efb754e9ad/A1974-02%20%28E%29.pdf
17 of 2019 (E).pdf,"THE KARNATAKA DEBT RELIEF ACT, 2018",https://storage.googleapis.com/jugalbandi/generic_qa/e62866ab-a459-498a-92f8-96efb754e9ad/17%20of%202019%20%28E%29.pdf
19 of 1973 (E).pdf,"THE CHARITABLE ENDOWMENTS (KARNATAKA AMENDMENT) ACT, 1973",https://storage.googleapis.com/jugalbandi/generic_qa/e62866ab-a459-498a-92f8-96efb754e9ad/19%20of%201973%20%28E%29.pdf
23of2013(E).pdf,"SRI DEVARAJURS UNIVERSITY ACT, 2012",https://storage.googleapis.com/jugalbandi/generic_qa/e62866ab-a459-498a-92f8-96efb754e9ad/23of2013%28E%29.pdf
33 of 1978 (E).pdf,"THE CENTRAL LAWS (KARNATAKA EXTENSION) ACT, 1978",https://storage.googleapis.com/jugalbandi/generic_qa/e62866ab-a459-498a-92f8-96efb754e9ad/33%20of%201978%20%28E%29.pdf
"THE HAMPI WORLD HERITAGE AREA MANAGEMENT AUTHORITY ACT, 2002-ENG.pdf","THE HAMPI WORLD HERITAGE AREA MANAGEMENT AUTHORITY ACT, 2002",https://storage.googleapis.com/jugalbandi/generic_qa/e62866ab-a459-498a-92f8-96efb754e9ad/THE%20HAMPI%20WORLD%20HERITAGE%20AREA%20MANAGEMENT%20AUTHORITY%20ACT%2C%202002-ENG.pdf
22 of 1994 (E).pdf,"THE CODE OF CRIMINAL PROCEDURE (KARNATAKA AMENDMENT) ACT, 1993",https://storage.googleapis.com/jugalbandi/generic_qa/e62866ab-a459-498a-92f8-96efb754e9ad/22%20of%201994%20%28E%29.pdf
"THE JAGATH UNIVERSITY ACT, 2018-ENG.pdf","THE JAGATH UNIVERSITY ACT, 2018",https://storage.googleapis.com/jugalbandi/generic_qa/e62866ab-a459-498a-92f8-96efb754e9ad/THE%20JAGATH%20UNIVERSITY%20ACT%2C%202018-ENG.pdf
THE KARNATAKA PREVENTION OF SLAUGHTER AND PRESERVATION OF...ETC-2020-ENG.pdf,"THE KARNATAKA PREVENTION OF SLAUGHTER AND PRESERVATION OF CATTLE ACT, 2020",https://storage.googleapis.com/jugalbandi/generic_qa/e62866ab-a459-498a-92f8-96efb754e9ad/THE%20KARNATAKA%20PREVENTION%20OF%20SLAUGHTER%20AND%20PRESERVATION%20OF...ETC-2020-ENG.pdf
THE KARNATAKA PUBLIC PREMISES (EVICTION OF UNAUTHORISED... 1974 ETC-ENG.pdf,"THE KARNATAKA PUBLIC PREMISES (EVICTION OF UNAUTHORISED OCCUPANTS) ACT, 1974",https://storage.googleapis.com/jugalbandi/generic_qa/e62866ab-a459-498a-92f8-96efb754e9ad/THE%20KARNATAKA%20PUBLIC%20PREMISES%20%28EVICTION%20OF%20UNAUTHORISED...%201974%20ETC-ENG.pdf
39 of 1985 (E) emblem.pdf,"THE BANGALORE METROPOLITAN REGION DEVELOPMENT AUTHORITY ACT, 1985",https://storage.googleapis.com/jugalbandi/generic_qa/e62866ab-a459-498a-92f8-96efb754e9ad/39%20of%201985%20%28E%29%20emblem.pdf
"THE KARNATAKA HOME GUARDS ACT, 1962-ENG.pdf","THE KARNATAKA HOME GUARDS ACT, 1962",https://storage.googleapis.com/jugalbandi/generic_qa/e62866ab-a459-498a-92f8-96efb754e9ad/THE%20KARNATAKA%20HOME%20GUARDS%20ACT%2C%201962-ENG.pdf
53 of 2020 (E).pdf,"THE BRUHAT BENGALURU MAHANAGARA PALIKE ACT, 2020",https://storage.googleapis.com/jugalbandi/generic_qa/e62866ab-a459-498a-92f8-96efb754e9ad/53%20of%202020%20%28E%29.pdf
"47of2013(E)Garden City University Act, 2013 (47 of 2013).pdf","GARDEN CITY UNIVERSITY ACT, 2013",https://storage.googleapis.com/jugalbandi/generic_qa/e62866ab-a459-498a-92f8-96efb754e9ad/47of2013%28E%29Garden%20City%20University%20Act%2C%202013%20%2847%20of%202013%29.pdf
27 of 1991 (E).pdf,"THE KARNATAKA CAUVERY BASIN IRRIGATION PROTECTION ACT, 1991",https://storage.googleapis.com/jugalbandi/generic_qa/e62866ab-a459-498a-92f8-96efb754e9ad/27%20of%201991%20%28E%29.pdf
"THE KARNATAKA PUBLIC LIBRARIES ACT, 1965-ENG.pdf","THE KARNATAKA PUBLIC LIBRARIES ACT, 1965",https://storage.googleapis.com/jugalbandi/generic_qa/e62866ab-a459-498a-92f8-96efb754e9ad/THE%20KARNATAKA%20PUBLIC%20LIBRARIES%20ACT%2C%201965-ENG.pdf
21 of 1966 (E).pdf,"THE KARNATAKA EXCISE ACT, 1965",https://storage.googleapis.com/jugalbandi/generic_qa/e62866ab-a459-498a-92f8-96efb754e9ad/21%20of%201966%20%28E%29.pdf
08 of 2022 (E) emblem.pdf,"THE KARNATAKA STATE AYUSH UNIVERSITY ACT, 2021",https://storage.googleapis.com/jugalbandi/generic_qa/e62866ab-a459-498a-92f8-96efb754e9ad/08%20of%202022%20%28E%29%20emblem.pdf
"THE KUDALA SANGAMA DEVELOPMENT BOARD ACT, 1994.-ENG.pdf","THE KUDALA SANGAMA DEVELOPMENT BOARD ACT, 1994",https://storage.googleapis.com/jugalbandi/generic_qa/e62866ab-a459-498a-92f8-96efb754e9ad/THE%20KUDALA%20SANGAMA%20DEVELOPMENT%20BOARD%20ACT%2C%201994.-ENG.pdf
"THE KARNATAKA REPEALING AND AMENDING ACT, 2002-ENG.pdf","THE KARNATAKA REPEALING AND AMENDING ACT, 2002",https://storage.googleapis.com/jugalbandi/generic_qa/e62866ab-a459-498a-92f8-96efb754e9ad/THE%20KARNATAKA%20REPEALING%20AND%20AMENDING%20ACT%2C%202002-ENG.pdf
26 of 2020 (E).pdf,"THE KARNATAKA EPIDEMIC DISEASES ACT, 2020",https://storage.googleapis.com/jugalbandi/generic_qa/e62866ab-a459-498a-92f8-96efb754e9ad/26%20of%202020%20%28E%29.pdf
32 of 1963 (E).pdf,"THE KARNATAKA VALUE ADDED TAX ACT, 2003",https://storage.googleapis.com/jugalbandi/generic_qa/e62866ab-a459-498a-92f8-96efb754e9ad/32%20of%201963%20%28E%29.pdf
"THE KARNATAKA REGULATION OF STONE CRUSHERS ACT, 2011-ENG.pdf","THE KARNATAKA REGULATION OF STONE CRUSHERS ACT, 2011",https://storage.googleapis.com/jugalbandi/generic_qa/e62866ab-a459-498a-92f8-96efb754e9ad/THE%20KARNATAKA%20REGULATION%20OF%20STONE%20CRUSHERS%20ACT%2C%202011-ENG.pdf
23 of 1957 (E) emblem.pdf,"THE KARNATAKA ANATOMY ACT, 1957",https://storage.googleapis.com/jugalbandi/generic_qa/e62866ab-a459-498a-92f8-96efb754e9ad/23%20of%201957%20%28E%29%20emblem.pdf
"THE KARNATAKA STATE UNIVERSITIES ACT, 2000-ENG.pdf","THE KARNATAKA STATE UNIVERSITIES ACT, 2000",https://storage.googleapis.com/jugalbandi/generic_qa/e62866ab-a459-498a-92f8-96efb754e9ad/THE%20KARNATAKA%20STATE%20UNIVERSITIES%20ACT%2C%202000-ENG.pdf
01 of 1969 (E) emblem.pdf,"THE KARNATAKA AGRICULTURAL PESTS AND DISEASES ACT, 1968",https://storage.googleapis.com/jugalbandi/generic_qa/e62866ab-a459-498a-92f8-96efb754e9ad/01%20of%201969%20%28E%29%20emblem.pdf
3 of 2018 (E) emblem.pdf,"THE CHALUKYA'S HERITAGE AREA MANAGEMENT AUTHORITY ACT, 2017",https://storage.googleapis.com/jugalbandi/generic_qa/e62866ab-a459-498a-92f8-96efb754e9ad/3%20of%202018%20%28E%29%20emblem.pdf
36 of 1974 (E).pdf,"THE KARNATAKA ELECTRICITY SUPPLY UNDERTAKINGS (ACQUISITION) ACT, 1974",https://storage.googleapis.com/jugalbandi/generic_qa/e62866ab-a459-498a-92f8-96efb754e9ad/36%20of%201974%20%28E%29.pdf
"14 of 1993 (E) 25 of 2021Gram Swaraj and Panchayat Raj Act, 1993..pdf","THE KARNATAKA GRAM SWARAJ AND PANCHAYAT RAJ ACT, 1993",https://storage.googleapis.com/jugalbandi/generic_qa/e62866ab-a459-498a-92f8-96efb754e9ad/14%20of%201993%20%28E%29%2025%20of%202021Gram%20Swaraj%20and%20Panchayat%20Raj%20Act%2C%201993..pdf
25 of 2009 (E).pdf,"THE KARNATAKA RAJYA DR. GANGUBAI HANGAL SANGEETHA MATTU PRADARSHAKA KALEGALA VISHWAVIDYALAYA ACT, 2009",https://storage.googleapis.com/jugalbandi/generic_qa/e62866ab-a459-498a-92f8-96efb754e9ad/25%20of%202009%20%28E%29.pdf
"SHARANA BASAVA UNIVERSITY ACT, 2012-ENG.pdf","SHARANA BASAVA UNIVERSITY ACT, 2012",https://storage.googleapis.com/jugalbandi/generic_qa/e62866ab-a459-498a-92f8-96efb754e9ad/SHARANA%20BASAVA%20UNIVERSITY%20ACT%2C%202012-ENG.pdf
"THE KARNATAKA STATE LAW UNIVERSITY ACT, 2009-ENG.pdf","THE KARNATAKA STATE LAW UNIVERSITY ACT, 2009",https://storage.googleapis.com/jugalbandi/generic_qa/e62866ab-a459-498a-92f8-96efb754e9ad/THE%20KARNATAKA%20STATE%20LAW%20UNIVERSITY%20ACT%2C%202009-ENG.pdf
"THE KARNATAKA HEALTH CESS ACT, 1962-ENG.pdf","THE KARNATAKA HEALTH CESS ACT, 1962",https://storage.googleapis.com/jugalbandi/generic_qa/e62866ab-a459-498a-92f8-96efb754e9ad/THE%20KARNATAKA%20HEALTH%20CESS%20ACT%2C%201962-ENG.pdf
"SRI SATHYA SAI UNIVERSITY FOR HUMAN EXCELLENCE ACT, 2018-ENG.pdf","SRI SATHYA SAI UNIVERSITY FOR HUMAN EXCELLENCE ACT, 2018",https://storage.googleapis.com/jugalbandi/generic_qa/e62866ab-a459-498a-92f8-96efb754e9ad/SRI%20SATHYA%20SAI%20UNIVERSITY%20FOR%20HUMAN%20EXCELLENCE%20ACT%2C%202018-ENG.pdf
"THE KARNATAKA IRRIGATION ACT, 1965.-ENG.pdf","THE KARNATAKA IRRIGATION ACT, 1965",https://storage.googleapis.com/jugalbandi/generic_qa/e62866ab-a459-498a-92f8-96efb754e9ad/THE%20KARNATAKA%20IRRIGATION%20ACT%2C%201965.-ENG.pdf
"THE KARNATAKA RENT ACT, 1999-ENG.pdf","THE KARNATAKA RENT ACT, 1999",https://storage.googleapis.com/jugalbandi/generic_qa/e62866ab-a459-498a-92f8-96efb754e9ad/THE%20KARNATAKA%20RENT%20ACT%2C%201999-ENG.pdf
THE KARNATAKA SCHEDULED CASTES SUB-ALLOCATION AND TRIBAL...ETC 2013-ENG.pdf,"THE KARNATAKA SCHEDULED CASTES SUB-ALLOCATION AND TRIBAL SUB-ALLOCATION (PLANNING, ALLOCATION AND UTILIZATION OF FINANCIAL RESOURCES) ACT, 2013",https://storage.googleapis.com/jugalbandi/generic_qa/e62866ab-a459-498a-92f8-96efb754e9ad/THE%20KARNATAKA%20SCHEDULED%20CASTES%20SUB-ALLOCATION%20AND%20TRIBAL...ETC%202013-ENG.pdf
62of2013(E).pdf,"THE KARNATAKA CIVIL SERVICES (WATER RESOURCE SERVICE) (SPECIAL RECRUITMENT OF ASSISTANT ENGINEERS AND JUNIOR ENGINEERS) ACT, 2013",https://storage.googleapis.com/jugalbandi/generic_qa/e62866ab-a459-498a-92f8-96efb754e9ad/62of2013%28E%29.pdf
"ST. JOSEPH’S UNIVERSITY ACT, 2021-ENG.pdf","ST. JOSEPH’S UNIVERSITY ACT, 2021",https://storage.googleapis.com/jugalbandi/generic_qa/e62866ab-a459-498a-92f8-96efb754e9ad/ST.%20JOSEPH%E2%80%99S%20UNIVERSITY%20ACT%2C%202021-ENG.pdf
"37 of 201Sri Malai Mahadeswaraswamy Kshethra Development Authority Act, 2013 (E).pdf","Sri Malai Mahadeswaraswamy Kshethra Development Authority Act, 2013",https://storage.googleapis.com/jugalbandi/generic_qa/e62866ab-a459-498a-92f8-96efb754e9ad/37%20of%20201Sri%20Malai%20Mahadeswaraswamy%20Kshethra%20Development%20Authority%20Act%2C%202013%20%28E%29.pdf
35 of 1987 (E).pdf,"THE COTTON TRANSPORT (KARNATAKA AMENDMENT) ACT, 1987",https://storage.googleapis.com/jugalbandi/generic_qa/e62866ab-a459-498a-92f8-96efb754e9ad/35%20of%201987%20%28E%29.pdf
30 of 1966 (E).pdf,"THE KARNATAKA STATE CIVIL SERVICES (PREVENTION OF STRIKES) ACT, 1966",https://storage.googleapis.com/jugalbandi/generic_qa/e62866ab-a459-498a-92f8-96efb754e9ad/30%20of%201966%20%28E%29.pdf
42 of 2020 (E).pdf,"THE KARNATAKA STATE CIVIL SERVICE (REGULATION OF TRANSFER OF STAFF OF DEPARTMENT OF TECHNICAL EDUCATION) (REPEAL) ACT, 2020",https://storage.googleapis.com/jugalbandi/generic_qa/e62866ab-a459-498a-92f8-96efb754e9ad/42%20of%202020%20%28E%29.pdf
"THE KARNATAKA VILLAGE OFFICES ABOLITION ACT, 1961-ENG.pdf","THE KARNATAKA VILLAGE OFFICES ABOLITION ACT, 1961",https://storage.googleapis.com/jugalbandi/generic_qa/e62866ab-a459-498a-92f8-96efb754e9ad/THE%20KARNATAKA%20VILLAGE%20OFFICES%20ABOLITION%20ACT%2C%201961-ENG.pdf
"THE KARNATAKA SALES TAX ACT, 1957-ENG.pdf","THE KARNATAKA SALES TAX ACT, 1957",https://storage.googleapis.com/jugalbandi/generic_qa/e62866ab-a459-498a-92f8-96efb754e9ad/THE%20KARNATAKA%20SALES%20TAX%20ACT%2C%201957-ENG.pdf
11of1959(E).pdf,"THE KARNATAKA CO-OPERATIVE SOCIETIES ACT, 1959",https://storage.googleapis.com/jugalbandi/generic_qa/e62866ab-a459-498a-92f8-96efb754e9ad/11of1959%28E%29.pdf
"THE KARNATAKA REPEALING OF CERTAIN ENACTMENTS ACT, 2017-ENG.pdf","THE KARNATAKA REPEALING OF CERTAIN ENACTMENTS ACT, 2017",https://storage.googleapis.com/jugalbandi/generic_qa/e62866ab-a459-498a-92f8-96efb754e9ad/THE%20KARNATAKA%20REPEALING%20OF%20CERTAIN%20ENACTMENTS%20ACT%2C%202017-ENG.pdf
"THE RAJIV GANDHI UNIVERSITY OF HEALTH SCIENCES ACT, 1994-ENG.pdf","THE RAJIV GANDHI UNIVERSITY OF HEALTH SCIENCES ACT, 1994",https://storage.googleapis.com/jugalbandi/generic_qa/e62866ab-a459-498a-92f8-96efb754e9ad/THE%20RAJIV%20GANDHI%20UNIVERSITY%20OF%20HEALTH%20SCIENCES%20ACT%2C%201994-ENG.pdf
"THE KARNATAKA TAX ON PROFESSIONS, TRADES, CALLINGS AND...ETC 1976-ENG.pdf","THE KARNATAKA TAX ON PROFESSIONS, TRADES, CALLINGS AND EMPLOYMENT ACT, 1976",https://storage.googleapis.com/jugalbandi/generic_qa/e62866ab-a459-498a-92f8-96efb754e9ad/THE%20KARNATAKA%20TAX%20ON%20PROFESSIONS%2C%20TRADES%2C%20CALLINGS%20AND...ETC%201976-ENG.pdf
1 of 2002 (E).pdf,"THE KARNATAKA CONTROL OF ORGANISED CRIME ACT, 2000",https://storage.googleapis.com/jugalbandi/generic_qa/e62866ab-a459-498a-92f8-96efb754e9ad/1%20of%202002%20%28E%29.pdf
38 of 1994 (E) emblem.pdf,"THE BAYALUSEEME DEVELOPMENT BOARD ACT, 1994",https://storage.googleapis.com/jugalbandi/generic_qa/e62866ab-a459-498a-92f8-96efb754e9ad/38%20of%201994%20%28E%29%20emblem.pdf
"THE KARNATAKA PROFESSIONAL EDUCATIONAL INSTITUTIONS (REGULATION OF ADMISSION AND FIXATION OF FEE) (SPECIAL PROVISIONS)  ACT, 2011-ENG.pdf","THE KARNATAKA PROFESSIONAL EDUCATIONAL INSTITUTIONS (REGULATION OF ADMISSION AND FIXATION OF FEE) (SPECIAL PROVISIONS) ACT, 2011",https://storage.googleapis.com/jugalbandi/generic_qa/e62866ab-a459-498a-92f8-96efb754e9ad/THE%20KARNATAKA%20PROFESSIONAL%20EDUCATIONAL%20INSTITUTIONS%20%28REGULATION%20OF%20ADMISSION%20AND%20FIXATION%20OF%20FEE%29%20%28SPECIAL%20PROVISIONS%29%20%20ACT%2C%202011-ENG.pdf
"THE KARNATAKA KHADI AND VILLAGE INDUSTRIES ACT, 1956.-ENG.pdf","THE KARNATAKA KHADI AND VILLAGE INDUSTRIES ACT, 1956",https://storage.googleapis.com/jugalbandi/generic_qa/e62866ab-a459-498a-92f8-96efb754e9ad/THE%20KARNATAKA%20KHADI%20AND%20VILLAGE%20INDUSTRIES%20ACT%2C%201956.-ENG.pdf
"THE KARNATAKA TOURISM TRADE (FACILITATION AND REGULATION) ACT, 2015-ENG.pdf","THE KARNATAKA TOURISM TRADE (FACILITATION AND REGULATION) ACT, 2015",https://storage.googleapis.com/jugalbandi/generic_qa/e62866ab-a459-498a-92f8-96efb754e9ad/THE%20KARNATAKA%20TOURISM%20TRADE%20%28FACILITATION%20AND%20REGULATION%29%20ACT%2C%202015-ENG.pdf
"THE KARNATAKA PRIVATE MEDICAL ESTABLISHMENTS ACT, 2007-ENG.pdf","THE KARNATAKA PRIVATE MEDICAL ESTABLISHMENTS ACT, 2007",https://storage.googleapis.com/jugalbandi/generic_qa/e62866ab-a459-498a-92f8-96efb754e9ad/THE%20KARNATAKA%20PRIVATE%20MEDICAL%20ESTABLISHMENTS%20ACT%2C%202007-ENG.pdf
"THE KAGINELE DEVELOPMENT AUTHORITY ACT, 2009-ENG.pdf","THE KAGINELE DEVELOPMENT AUTHORITY ACT, 2009",https://storage.googleapis.com/jugalbandi/generic_qa/e62866ab-a459-498a-92f8-96efb754e9ad/THE%20KAGINELE%20DEVELOPMENT%20AUTHORITY%20ACT%2C%202009-ENG.pdf
36 of 1998 (E).pdf,"THE CODE OF CIVIL PROCEDURE (KARNATAKA AMENDMENT) ACT, 1995",https://storage.googleapis.com/jugalbandi/generic_qa/e62866ab-a459-498a-92f8-96efb754e9ad/36%20of%201998%20%28E%29.pdf
A1860-45 (E).pdf,THE INDIAN PENAL CODE,https://storage.googleapis.com/jugalbandi/generic_qa/e62866ab-a459-498a-92f8-96efb754e9ad/A1860-45%20%28E%29.pdf
"THE KARNATAKA LEGISLATURE SALARIES, PENSIONS AND ALLOWANCES ACT, 1956 -ENG.pdf","THE KARNATAKA LEGISLATURE SALARIES, PENSIONS AND ALLOWANCES ACT, 1956",https://storage.googleapis.com/jugalbandi/generic_qa/e62866ab-a459-498a-92f8-96efb754e9ad/THE%20KARNATAKA%20LEGISLATURE%20SALARIES%2C%20PENSIONS%20AND%20ALLOWANCES%20ACT%2C%201956%20-ENG.pdf
"THE REVA UNIVERSITY ACT, 2012-ENG.pdf","THE REVA UNIVERSITY ACT, 2012",https://storage.googleapis.com/jugalbandi/generic_qa/e62866ab-a459-498a-92f8-96efb754e9ad/THE%20REVA%20UNIVERSITY%20ACT%2C%202012-ENG.pdf
"THE KRANTIVEERA SANGOLLI RAYANNA KSHETRA DEVELOPMENT AUTHORITY ACT, 2016-ENG.pdf","THE KRANTIVEERA SANGOLLI RAYANNA KSHETRA DEVELOPMENT AUTHORITY ACT, 2016",https://storage.googleapis.com/jugalbandi/generic_qa/e62866ab-a459-498a-92f8-96efb754e9ad/THE%20KRANTIVEERA%20SANGOLLI%20RAYANNA%20KSHETRA%20DEVELOPMENT%20AUTHORITY%20ACT%2C%202016-ENG.pdf
"VELLORE INSTITUTE OF TECHNOLOGY BANGALORE ACT, 2012-ENG.pdf","VELLORE INSTITUTE OF TECHNOLOGY BANGALORE ACT, 2012",https://storage.googleapis.com/jugalbandi/generic_qa/e62866ab-a459-498a-92f8-96efb754e9ad/VELLORE%20INSTITUTE%20OF%20TECHNOLOGY%20BANGALORE%20ACT%2C%202012-ENG.pdf
"16 of 2002(E)Fiscal Responsibility Act, 2002 (16 of 2002)-Amended by Act 6 of 2009, 14 of 2009, 13 of 2011, 17 of 2014 , 21 of 2020 and 15 of 2021.pdf","THE KARNATAKA FISCAL RESPONSIBILITY ACT, 2002",https://storage.googleapis.com/jugalbandi/generic_qa/e62866ab-a459-498a-92f8-96efb754e9ad/16%20of%202002%28E%29Fiscal%20Responsibility%20Act%2C%202002%20%2816%20of%202002%29-Amended%20by%20Act%206%20of%202009%2C%2014%20of%202009%2C%2013%20of%202011%2C%2017%20of%202014%20%2C%2021%20of%202020%20and%2015%20of%202021.pdf
"THE KARNATAKA STATE ROAD SAFETY AUTHORITY ACT, 2017-ENG.pdf","THE KARNATAKA STATE ROAD SAFETY AUTHORITY ACT, 2017",https://storage.googleapis.com/jugalbandi/generic_qa/e62866ab-a459-498a-92f8-96efb754e9ad/THE%20KARNATAKA%20STATE%20ROAD%20SAFETY%20AUTHORITY%20ACT%2C%202017-ENG.pdf
18 of 2013 (E) emblem.pdf,"ADICHUNCHANAGIRI UNIVERSITY ACT, 2012",https://storage.googleapis.com/jugalbandi/generic_qa/e62866ab-a459-498a-92f8-96efb754e9ad/18%20of%202013%20%28E%29%20emblem.pdf
"THE KARNATAKA KORAGAS (PROHIBITION OF AJALU PRACTICE ACT, 2000-ENG.pdf","THE KARNATAKA KORAGAS (PROHIBITION OF AJALU PRACTICE) ACT, 2000",https://storage.googleapis.com/jugalbandi/generic_qa/e62866ab-a459-498a-92f8-96efb754e9ad/THE%20KARNATAKA%20KORAGAS%20%28PROHIBITION%20OF%20AJALU%20PRACTICE%20ACT%2C%202000-ENG.pdf
"THE KARNATAKA VILLAGE DEFENCE PARTIES (REPEAL) ACT, 2004-ENG.pdf","THE KARNATAKA VILLAGE DEFENCE PARTIES (REPEAL) ACT, 2004",https://storage.googleapis.com/jugalbandi/generic_qa/e62866ab-a459-498a-92f8-96efb754e9ad/THE%20KARNATAKA%20VILLAGE%20DEFENCE%20PARTIES%20%28REPEAL%29%20ACT%2C%202004-ENG.pdf
29 of 2021 (E).pdf,"THE BANGALORE WATER SUPPLY AND SEWERAGE ACT, 1964",https://storage.googleapis.com/jugalbandi/generic_qa/e62866ab-a459-498a-92f8-96efb754e9ad/29%20of%202021%20%28E%29.pdf
25 of 2011 (E).pdf,"THE KARNATAKA GROUND WATER (REGULATION AND CONTROL OF DEVELOPMENT AND MANAGEMENT) ACT, 2011",https://storage.googleapis.com/jugalbandi/generic_qa/e62866ab-a459-498a-92f8-96efb754e9ad/25%20of%202011%20%28E%29.pdf
13 of 2005(E) emblem.pdf,"THE BASAVAKALYAN DEVELOPMENT BOARD ACT, 2005",https://storage.googleapis.com/jugalbandi/generic_qa/e62866ab-a459-498a-92f8-96efb754e9ad/13%20of%202005%28E%29%20emblem.pdf
"The Karnataka Improvement Boards Act, 1976-ENG.pdf","THE KARNATAKA IMPROVEMENT BOARDS ACT, 1976",https://storage.googleapis.com/jugalbandi/generic_qa/e62866ab-a459-498a-92f8-96efb754e9ad/The%20Karnataka%20Improvement%20Boards%20Act%2C%201976-ENG.pdf
"THE KARNATAKA MARINE FISHING (REGULATION) ACT, 1986 (E).pdf","THE KARNATAKA MARINE FISHING (REGULATION) ACT, 1986",https://storage.googleapis.com/jugalbandi/generic_qa/e62866ab-a459-498a-92f8-96efb754e9ad/THE%20KARNATAKA%20MARINE%20FISHING%20%28REGULATION%29%20ACT%2C%201986%20%28E%29.pdf
"THE KARNATAKA INLAND FISHERIES (CONSERVATION, DEVELOPMENT AND REGULATION) ACT, 1996-ENG.pdf","THE KARNATAKA INLAND FISHERIES (CONSERVATION DEVELOPMENT AND REGULATION) ACT, 1996",https://storage.googleapis.com/jugalbandi/generic_qa/e62866ab-a459-498a-92f8-96efb754e9ad/THE%20KARNATAKA%20INLAND%20FISHERIES%20%28CONSERVATION%2C%20DEVELOPMENT%20AND%20REGULATION%29%20ACT%2C%201996-ENG.pdf
"THE HINDU RELIGIOUS INSTITUTIONS AND RELIGIOUS ENDOWMENT ACT, 1997-ENG.pdf","THE HINDU RELIGIOUS INSTITUTIONS AND CHARITABLE ENDOWMENTS ACT, 1997",https://storage.googleapis.com/jugalbandi/generic_qa/e62866ab-a459-498a-92f8-96efb754e9ad/THE%20HINDU%20RELIGIOUS%20INSTITUTIONS%20AND%20RELIGIOUS%20ENDOWMENT%20ACT%2C%201997-ENG.pdf
"THE KARNATAKA HABITUAL OFFENDERS ACT, 1961-ENG.pdf","THE KARNATAKA HABITUAL OFFENDERS ACT, 1961",https://storage.googleapis.com/jugalbandi/generic_qa/e62866ab-a459-498a-92f8-96efb754e9ad/THE%20KARNATAKA%20HABITUAL%20OFFENDERS%20ACT%2C%201961-ENG.pdf
"THE KARNATAKA TREASURE TROVE ACT, 1962-ENG.pdf","THE KARNATAKA TREASURE TROVE ACT, 1962",https://storage.googleapis.com/jugalbandi/generic_qa/e62866ab-a459-498a-92f8-96efb754e9ad/THE%20KARNATAKA%20TREASURE%20TROVE%20ACT%2C%201962-ENG.pdf
28 of 1978 (E).pdf,"THE KARNATAKA CIVIL COURTS (SECOND AMENDMENT) ACT, 1978",https://storage.googleapis.com/jugalbandi/generic_qa/e62866ab-a459-498a-92f8-96efb754e9ad/28%20of%201978%20%28E%29.pdf
44 of 2013 (E) emblem.pdf,"THE ARKA UNIVERSITY ACT, 2012",https://storage.googleapis.com/jugalbandi/generic_qa/e62866ab-a459-498a-92f8-96efb754e9ad/44%20of%202013%20%28E%29%20emblem.pdf
"THE KARNATAKA RELIGIOUS STRUCTURES (PROTECTION) ACT, 2021-ENG.pdf","THE KARNATAKA RELIGIOUS STRUCTURES (PROTECTION) ACT, 2021",https://storage.googleapis.com/jugalbandi/generic_qa/e62866ab-a459-498a-92f8-96efb754e9ad/THE%20KARNATAKA%20RELIGIOUS%20STRUCTURES%20%28PROTECTION%29%20ACT%2C%202021-ENG.pdf
"HE KARNATAKA INDUSTRIAL ESTABLISHMENTS (NATIONAL FESTIVAL HOLIDAYS ACT, 1963-ENG.pdf","THE KARNATAKA INDUSTRIAL ESTABLISHMENTS (NATIONAL AND FESTIVAL HOLIDAYS) ACT, 1963",https://storage.googleapis.com/jugalbandi/generic_qa/e62866ab-a459-498a-92f8-96efb754e9ad/HE%20KARNATAKA%20INDUSTRIAL%20ESTABLISHMENTS%20%28NATIONAL%20FESTIVAL%20HOLIDAYS%20ACT%2C%201963-ENG.pdf
"THE KARNATAKA STATE CIVIL SERVICES ACT, 1978-ENG.pdf","THE KARNATAKA STATE CIVIL SERVICES ACT, 1978",https://storage.googleapis.com/jugalbandi/generic_qa/e62866ab-a459-498a-92f8-96efb754e9ad/THE%20KARNATAKA%20STATE%20CIVIL%20SERVICES%20ACT%2C%201978-ENG.pdf
"THE MALNAD AREA DEVELOPMENT BOARD ACT, 1991 (E).pdf","THE MALNAD AREA DEVELOPMENT BOARD ACT, 1991",https://storage.googleapis.com/jugalbandi/generic_qa/e62866ab-a459-498a-92f8-96efb754e9ad/THE%20MALNAD%20AREA%20DEVELOPMENT%20BOARD%20ACT%2C%201991%20%28E%29.pdf
14of1959(E).pdf,"THE KARNATAKA ELECTRICITY (TAXATION ON CONSUMPTION OR SALE) ACT, 1959",https://storage.googleapis.com/jugalbandi/generic_qa/e62866ab-a459-498a-92f8-96efb754e9ad/14of1959%28E%29.pdf
THE KARNATAKA PREVENTION AND ERADICATION OF INHUMAN EVIL PRACTICES AND...ETC 2017-ENG.pdf,"THE KARNATAKA PREVENTION AND ERADICATION OF INHUMAN EVIL PRACTICES AND BLACK MAGIC ACT, 2017",https://storage.googleapis.com/jugalbandi/generic_qa/e62866ab-a459-498a-92f8-96efb754e9ad/THE%20KARNATAKA%20PREVENTION%20AND%20ERADICATION%20OF%20INHUMAN%20EVIL%20PRACTICES%20AND...ETC%202017-ENG.pdf
21 of 2013(E) emblem.pdf,"THE AMRUTHA SINCHANA SPIRITUAL UNIVERSITY ACT, 2012",https://storage.googleapis.com/jugalbandi/generic_qa/e62866ab-a459-498a-92f8-96efb754e9ad/21%20of%202013%28E%29%20emblem.pdf
01 of 2019 (E) emblem.pdf,"THE KARNATAKA CIVIL SERVICES (PROCEDURE FOR SELECTION OF CANDIDATES DURING RECRUITMENT) ACT, 2018",https://storage.googleapis.com/jugalbandi/generic_qa/e62866ab-a459-498a-92f8-96efb754e9ad/01%20of%202019%20%28E%29%20emblem.pdf
"39 of 1964 (E)Dramatic Performances Act, 1964 (39 of 1964).pdf","THE KARNATAKA DRAMATIC PERFORMANCES ACT, 1964",https://storage.googleapis.com/jugalbandi/generic_qa/e62866ab-a459-498a-92f8-96efb754e9ad/39%20of%201964%20%28E%29Dramatic%20Performances%20Act%2C%201964%20%2839%20of%201964%29.pdf
"THE KARNATAKA PROFESSIONAL EDUCATIONAL INSTITUTIONS (REGULATION OF ADMISSION AND FIXATION OF FEE) (SPECIAL PROVISIONS)  ACT, 2014-ENG.pdf","THE KARNATAKA PROFESSIONAL EDUCATIONAL INSTITUTIONS (REGULATION OF ADMISSION AND FIXATION OF FEE) (SPECIAL PROVISIONS) ACT, 2014",https://storage.googleapis.com/jugalbandi/generic_qa/e62866ab-a459-498a-92f8-96efb754e9ad/THE%20KARNATAKA%20PROFESSIONAL%20EDUCATIONAL%20INSTITUTIONS%20%28REGULATION%20OF%20ADMISSION%20AND%20FIXATION%20OF%20FEE%29%20%28SPECIAL%20PROVISIONS%29%20%20ACT%2C%202014-ENG.pdf
34 of 2010 (E) emblem.pdf,"THE ALLIANCE UNIVERSITY ACT, 2010",https://storage.googleapis.com/jugalbandi/generic_qa/e62866ab-a459-498a-92f8-96efb754e9ad/34%20of%202010%20%28E%29%20emblem.pdf
"THE KARNATAKA HIGH COURT ACT, 1961-ENG.pdf","THE KARNATAKA HIGH COURT ACT, 1961",https://storage.googleapis.com/jugalbandi/generic_qa/e62866ab-a459-498a-92f8-96efb754e9ad/THE%20KARNATAKA%20HIGH%20COURT%20ACT%2C%201961-ENG.pdf
"THE UNIVERSITY OF TRANS-DISCIPLINARY HEALTH SCIENCES AND TECHNOLOGY ACT,2013-ENG.pdf","THE UNIVERSITY OF TRANS-DISCIPLINARY HEALTH SCIENCES AND TECHNOLOGY ACT, 2013",https://storage.googleapis.com/jugalbandi/generic_qa/e62866ab-a459-498a-92f8-96efb754e9ad/THE%20UNIVERSITY%20OF%20TRANS-DISCIPLINARY%20HEALTH%20SCIENCES%20AND%20TECHNOLOGY%20ACT%2C2013-ENG.pdf
"HE KARNATAKA WAREHOUSES ACT, 1961-ENG.pdf","THE KARNATAKA WAREHOUSES ACT, 1961",https://storage.googleapis.com/jugalbandi/generic_qa/e62866ab-a459-498a-92f8-96efb754e9ad/HE%20KARNATAKA%20WAREHOUSES%20ACT%2C%201961-ENG.pdf
17 of 1973 (E) emblem.pdf,"THE KARNATAKA APARTMENT OWNERSHIP ACT, 1972",https://storage.googleapis.com/jugalbandi/generic_qa/e62866ab-a459-498a-92f8-96efb754e9ad/17%20of%201973%20%28E%29%20emblem.pdf
"THE KARNATAKA TANK CONSERVATION AND DEVELOPMENT AUTHORITY ACT, 2014-ENG.pdf","THE KARNATAKA TANK CONSERVATION AND DEVELOPMENT AUTHORITY ACT, 2014",https://storage.googleapis.com/jugalbandi/generic_qa/e62866ab-a459-498a-92f8-96efb754e9ad/THE%20KARNATAKA%20TANK%20CONSERVATION%20AND%20DEVELOPMENT%20AUTHORITY%20ACT%2C%202014-ENG.pdf
"THE KARNATAKA GOODS AND SERVICES TAX ACT, 2017-ENG.pdf","THE KARNATAKA GOODS AND SERVICES TAX ACT, 2017",https://storage.googleapis.com/jugalbandi/generic_qa/e62866ab-a459-498a-92f8-96efb754e9ad/THE%20KARNATAKA%20GOODS%20AND%20SERVICES%20TAX%20ACT%2C%202017-ENG.pdf
26 of 1973 (E) emblem.pdf,"THE KARNATAKA (BELGAUM AND GULBARGA AREAS) RELIGIOUS AND CHARITABLE INAMS ABOLITION ACT, 1973",https://storage.googleapis.com/jugalbandi/generic_qa/e62866ab-a459-498a-92f8-96efb754e9ad/26%20of%201973%20%28E%29%20emblem.pdf
"THE KARNATAKA (REGISTRATION OF DOCUMENTS) VALIDATION ACT, 1964-ENG.pdf","THE KARNATAKA (REGISTRATION OF DOCUMENTS) VALIDATION ACT, 1964",https://storage.googleapis.com/jugalbandi/generic_qa/e62866ab-a459-498a-92f8-96efb754e9ad/THE%20KARNATAKA%20%28REGISTRATION%20OF%20DOCUMENTS%29%20VALIDATION%20ACT%2C%201964-ENG.pdf
COI (E).pdf,"THE CONSTITUTION OF INDIA [As on 9th September, 2020] 2020",https://storage.googleapis.com/jugalbandi/generic_qa/e62866ab-a459-498a-92f8-96efb754e9ad/COI%20%28E%29.pdf
"THE KARNATAKA SOUHARDA SAHAKARI ACT, 1997-ENG.pdf","THE KARNATAKA SOUHARDA SAHAKARI ACT, 1997",https://storage.googleapis.com/jugalbandi/generic_qa/e62866ab-a459-498a-92f8-96efb754e9ad/THE%20KARNATAKA%20SOUHARDA%20SAHAKARI%20ACT%2C%201997-ENG.pdf
"Sarvajna Kshetra Development Authority Act, 2020-ENG.pdf","Sarvajna Kshetra Development Authority Act, 2020",https://storage.googleapis.com/jugalbandi/generic_qa/e62866ab-a459-498a-92f8-96efb754e9ad/Sarvajna%20Kshetra%20Development%20Authority%20Act%2C%202020-ENG.pdf
"VIDYASHILP UNIVERSITYACT, 2020-ENG.pdf","VIDYASHILP UNIVERSITY ACT, 2020",https://storage.googleapis.com/jugalbandi/generic_qa/e62866ab-a459-498a-92f8-96efb754e9ad/VIDYASHILP%20UNIVERSITYACT%2C%202020-ENG.pdf
"THE KARNATAKA PUBLIC MONEYS (RECOVERY OF DUES) ACT, 1979-ENG.pdf","THE KARNATAKA PUBLIC MONEYS (RECOVERY OF DUES) ACT, 1979",https://storage.googleapis.com/jugalbandi/generic_qa/e62866ab-a459-498a-92f8-96efb754e9ad/THE%20KARNATAKA%20PUBLIC%20MONEYS%20%28RECOVERY%20OF%20DUES%29%20ACT%2C%201979-ENG.pdf
"THE KARNATAKA LIVE-STOCK IMPROVEMENT ACT, 1961-ENG.pdf","THE KARNATAKA LIVE-STOCK IMPROVEMENT ACT, 1961",https://storage.googleapis.com/jugalbandi/generic_qa/e62866ab-a459-498a-92f8-96efb754e9ad/THE%20KARNATAKA%20LIVE-STOCK%20IMPROVEMENT%20ACT%2C%201961-ENG.pdf
24 of 1964 (E) emblem.pdf,"THE KARNATAKA BORSTAL SCHOOLS ACT, 1963",https://storage.googleapis.com/jugalbandi/generic_qa/e62866ab-a459-498a-92f8-96efb754e9ad/24%20of%201964%20%28E%29%20emblem.pdf
"KANNADA UNIVERSITY ACT, 1991.-ENG.pdf","KANNADA UNIVERSITY ACT, 1991",https://storage.googleapis.com/jugalbandi/generic_qa/e62866ab-a459-498a-92f8-96efb754e9ad/KANNADA%20UNIVERSITY%20ACT%2C%201991.-ENG.pdf
"Daily wage Employees Welfare Act, 2012 (19 of 2013)(E).pdf","THE KARNATAKA DAILY WAGE EMPLOYEES WELFARE ACT, 2012",https://storage.googleapis.com/jugalbandi/generic_qa/e62866ab-a459-498a-92f8-96efb754e9ad/Daily%20wage%20Employees%20Welfare%20Act%2C%202012%20%2819%20of%202013%29%28E%29.pdf
"THE KARNATAKA PRISONERS ACT, 1963-ENG.pdf","THE KARNATAKA PRISONERS ACT, 1963",https://storage.googleapis.com/jugalbandi/generic_qa/e62866ab-a459-498a-92f8-96efb754e9ad/THE%20KARNATAKA%20PRISONERS%20ACT%2C%201963-ENG.pdf
12 of 1976 (E) emblem.pdf,"THE BANGALORE DEVELOPMENT AUTHORITY ACT, 1976",https://storage.googleapis.com/jugalbandi/generic_qa/e62866ab-a459-498a-92f8-96efb754e9ad/12%20of%201976%20%28E%29%20emblem.pdf
"THE KITTURU DEVELOPMENT AUTHORITY ACT, 2011-ENG.pdf","THE KITTURU DEVELOPMENT AUTHORITY ACT, 2011",https://storage.googleapis.com/jugalbandi/generic_qa/e62866ab-a459-498a-92f8-96efb754e9ad/THE%20KITTURU%20DEVELOPMENT%20AUTHORITY%20ACT%2C%202011-ENG.pdf
"THE KARNATAKA HOUSING BOARD ACT, 1962-ENG.pdf","THE KARNATAKA HOUSING BOARD ACT, 1962",https://storage.googleapis.com/jugalbandi/generic_qa/e62866ab-a459-498a-92f8-96efb754e9ad/THE%20KARNATAKA%20HOUSING%20BOARD%20ACT%2C%201962-ENG.pdf
2 of 1986 (E) emblem.pdf,"THE KARNATAKA AGRICULTURAL CREDIT PASS BOOK ACT, 1984",https://storage.googleapis.com/jugalbandi/generic_qa/e62866ab-a459-498a-92f8-96efb754e9ad/2%20of%201986%20%28E%29%20emblem.pdf
"J.S.S. SCIENCE AND TECHNOLOGY UNIVERSITY ACT, 2013-ENG.pdf","J.S.S. SCIENCE AND TECHNOLOGY UNIVERSITY ACT, 2013",https://storage.googleapis.com/jugalbandi/generic_qa/e62866ab-a459-498a-92f8-96efb754e9ad/J.S.S.%20SCIENCE%20AND%20TECHNOLOGY%20UNIVERSITY%20ACT%2C%202013-ENG.pdf
"THE KARNATAKA MARITIME BOARD ACT, 2015(E).pdf","THE KARNATAKA MARITIME BOARD ACT, 2015",https://storage.googleapis.com/jugalbandi/generic_qa/e62866ab-a459-498a-92f8-96efb754e9ad/THE%20KARNATAKA%20MARITIME%20BOARD%20ACT%2C%202015%28E%29.pdf
"THE KARNATAKA LABOUR WELFARE FUND ACT, 1965-ENG.pdf","THE KARNATAKA LABOUR WELFARE FUND ACT, 1965",https://storage.googleapis.com/jugalbandi/generic_qa/e62866ab-a459-498a-92f8-96efb754e9ad/THE%20KARNATAKA%20LABOUR%20WELFARE%20FUND%20ACT%2C%201965-ENG.pdf
"THE KARNATAKA SHOPS AND COMMERCIAL ESTABLISHMENTS ACT, 1961-ENG.pdf","THE KARNATAKA SHOPS AND COMMERCIAL ESTABLISHMENTS ACT, 1961",https://storage.googleapis.com/jugalbandi/generic_qa/e62866ab-a459-498a-92f8-96efb754e9ad/THE%20KARNATAKA%20SHOPS%20AND%20COMMERCIAL%20ESTABLISHMENTS%20ACT%2C%201961-ENG.pdf
29 of 1986 (E).pdf,"THE KARNATAKA CO-OPERATIVE TEXTILE MILLS (ACQUISITION AND TRANSFER) ACT, 1986",https://storage.googleapis.com/jugalbandi/generic_qa/e62866ab-a459-498a-92f8-96efb754e9ad/29%20of%201986%20%28E%29.pdf
THE KARNATAKA STATE RURAL DEVELOPMENT AND PANCHAYAT RAJ...ETC 2016-ENG.pdf,"THE KARNATAKA STATE RURAL DEVELOPMENT AND PANCHAYAT RAJ UNIVERSITY ACT, 2016",https://storage.googleapis.com/jugalbandi/generic_qa/e62866ab-a459-498a-92f8-96efb754e9ad/THE%20KARNATAKA%20STATE%20RURAL%20DEVELOPMENT%20AND%20PANCHAYAT%20RAJ...ETC%202016-ENG.pdf
THE KARNATAKA SLUM AREAS (DEVELOPMENT...ETC 1973-ENG.pdf,"THE KARNATAKA SLUM AREAS (DEVELOPMENT) ACT, 1973",https://storage.googleapis.com/jugalbandi/generic_qa/e62866ab-a459-498a-92f8-96efb754e9ad/THE%20KARNATAKA%20SLUM%20AREAS%20%28DEVELOPMENT...ETC%201973-ENG.pdf
"THE KARNATAKA LOCAL AUTHORITIES (OFFICIAL LANGUAGE) ACT, 1981-ENG.pdf","THE KARNATAKA LOCAL AUTHORITIES (OFFICIAL LANGUAGE) ACT, 1981",https://storage.googleapis.com/jugalbandi/generic_qa/e62866ab-a459-498a-92f8-96efb754e9ad/THE%20KARNATAKA%20LOCAL%20AUTHORITIES%20%28OFFICIAL%20LANGUAGE%29%20ACT%2C%201981-ENG.pdf
THE KARNATAKA PUBLIC SERVICE COMMISSION (CONDUCT OF BUSINESS AND...ETC 1959-ENG.pdf,"THE KARNATAKA PUBLIC SERVICE COMMISSION (CONDUCT OF BUSINESS AND ADDITIONAL FUNCTIONS) ACT, 1959",https://storage.googleapis.com/jugalbandi/generic_qa/e62866ab-a459-498a-92f8-96efb754e9ad/THE%20KARNATAKA%20PUBLIC%20SERVICE%20COMMISSION%20%28CONDUCT%20OF%20BUSINESS%20AND...ETC%201959-ENG.pdf
35 of 2020 (E).pdf,"THE KARNATAKA STATE CIVIL SERVICES (PROHIBITON OF ABSORPTION OF THE SERVICES OF THE EMPLOYEES OF ESTABLISHMENTS IN PUBLIC SECTOR IN TO PUBLIC SERVICE) ACT, 2020",https://storage.googleapis.com/jugalbandi/generic_qa/e62866ab-a459-498a-92f8-96efb754e9ad/35%20of%202020%20%28E%29.pdf
THE KARNATAKA PROTECTION OF INTEREST OF DEPOSITORS IN FINANCIAL...ETC 2004-ENG.pdf,"THE KARNATAKA PROTECTION OF INTEREST OF DEPOSITORS IN FINANCIAL ESTABLISHMENTS ACT, 2004",https://storage.googleapis.com/jugalbandi/generic_qa/e62866ab-a459-498a-92f8-96efb754e9ad/THE%20KARNATAKA%20PROTECTION%20OF%20INTEREST%20OF%20DEPOSITORS%20IN%20FINANCIAL...ETC%202004-ENG.pdf
"THE KARNATAKA PROHIBITION OF ADMISSION OF STUDENTS TO UN-RECOGNIZED AND UN-AFFILIATED EDUCATIONAL INSTITUTIONS ACT, 1992-ENG.pdf","THE KARNATAKA PROHIBITION OF ADMISSION OF STUDENTS TO THE UN-RECOGNISED AND UN-AFFILIATED EDUCATIONAL INSTITUTIONS ACT, 1992",https://storage.googleapis.com/jugalbandi/generic_qa/e62866ab-a459-498a-92f8-96efb754e9ad/THE%20KARNATAKA%20PROHIBITION%20OF%20ADMISSION%20OF%20STUDENTS%20TO%20UN-RECOGNIZED%20AND%20UN-AFFILIATED%20EDUCATIONAL%20INSTITUTIONS%20ACT%2C%201992-ENG.pdf
12 of 1957 (E).pdf,"THE KARNATAKA EXISTING LAWS (CONSTRUCTION OF REFERENCES TO VALUES) ACT, 1957",https://storage.googleapis.com/jugalbandi/generic_qa/e62866ab-a459-498a-92f8-96efb754e9ad/12%20of%201957%20%28E%29.pdf
"THE KARNATAKA TODDY W ORKERS' W ELFARE FUND ACT, 1981-ENG.pdf","THE KARNATAKA TODDY WORKERS' WELFARE FUND ACT, 1981",https://storage.googleapis.com/jugalbandi/generic_qa/e62866ab-a459-498a-92f8-96efb754e9ad/THE%20KARNATAKA%20TODDY%20W%20ORKERS%27%20W%20ELFARE%20FUND%20ACT%2C%201981-ENG.pdf
"THE KARNATAKA LAND REFORMS ACT, 1961-ENG.pdf","THE KARNATAKA LAND REFORMS ACT, 1961",https://storage.googleapis.com/jugalbandi/generic_qa/e62866ab-a459-498a-92f8-96efb754e9ad/THE%20KARNATAKA%20LAND%20REFORMS%20ACT%2C%201961-ENG.pdf
25 of 2015 (E).pdf,"THE KARNATAKA ESSENTIAL SERVICES MAINTENANCE ACT, 2013",https://storage.googleapis.com/jugalbandi/generic_qa/e62866ab-a459-498a-92f8-96efb754e9ad/25%20of%202015%20%28E%29.pdf
37 of 2021(E) .pdf,"THE CHANAKYA UNIVERSITY ACT, 2021 THE KARNATAKA RELIGIOUS STRUCTURES (PROTECTION) ACT, 2021",https://storage.googleapis.com/jugalbandi/generic_qa/e62866ab-a459-498a-92f8-96efb754e9ad/37%20of%202021%28E%29%20.pdf
"THE KARNATAKA IRRIGATION (LEVY OF BETTERMENT CONTRIBUTION AND WATER ETC. ACT, 1957-ENG.pdf","THE KARNATAKA IRRIGATION (LEVY OF BETTERMENT CONTRIBUTION AND WATER RATE) ACT, 1957",https://storage.googleapis.com/jugalbandi/generic_qa/e62866ab-a459-498a-92f8-96efb754e9ad/THE%20KARNATAKA%20IRRIGATION%20%28LEVY%20OF%20BETTERMENT%20CONTRIBUTION%20AND%20WATER%20ETC.%20ACT%2C%201957-ENG.pdf
"THE KARNATAKA LAND REVENUE ACT, 1964-ENG.pdf","THE KARNATAKA LAND REVENUE ACT, 1964",https://storage.googleapis.com/jugalbandi/generic_qa/e62866ab-a459-498a-92f8-96efb754e9ad/THE%20KARNATAKA%20LAND%20REVENUE%20ACT%2C%201964-ENG.pdf
19 of 1966 (E).pdf,"THE KARNATAKA CATTLE TRESPASS ACT, 1966",https://storage.googleapis.com/jugalbandi/generic_qa/e62866ab-a459-498a-92f8-96efb754e9ad/19%20of%201966%20%28E%29.pdf
"THE KARNATAKA RACE COURSES LICENSING ACT, 1952-ENG.pdf","THE KARNATAKA RACE COURSES LICENSING ACT, 1952 (KARNATAKA ACT NO.VIII OF 1952)",https://storage.googleapis.com/jugalbandi/generic_qa/e62866ab-a459-498a-92f8-96efb754e9ad/THE%20KARNATAKA%20RACE%20COURSES%20LICENSING%20ACT%2C%201952-ENG.pdf
Forest Act 1963-5 of 1964(E).pdf,"THE KARNATAKA FOREST ACT, 1963",https://storage.googleapis.com/jugalbandi/generic_qa/e62866ab-a459-498a-92f8-96efb754e9ad/Forest%20Act%201963-5%20of%201964%28E%29.pdf
"THE KARNATAKA PROHIBITION OF SMOKING AND PROTECTION OF HEALTH OF NON SMOKERS ACT, 2001-ENG.pdf","THE KARNATAKA PROHIBITION OF SMOKING AND PROTECTION OF HEALTH OF NON-SMOKERS ACT, 2001",https://storage.googleapis.com/jugalbandi/generic_qa/e62866ab-a459-498a-92f8-96efb754e9ad/THE%20KARNATAKA%20PROHIBITION%20OF%20SMOKING%20AND%20PROTECTION%20OF%20HEALTH%20OF%20NON%20SMOKERS%20ACT%2C%202001-ENG.pdf
"THE KARNATAKA PRISONS ACT, 1963-ENG.pdf","THE KARNATAKA PRISONS ACT, 1963",https://storage.googleapis.com/jugalbandi/generic_qa/e62866ab-a459-498a-92f8-96efb754e9ad/THE%20KARNATAKA%20PRISONS%20ACT%2C%201963-ENG.pdf
45of2013(E).pdf,"C.M.R UNIVERSITY ACT, 2013",https://storage.googleapis.com/jugalbandi/generic_qa/e62866ab-a459-498a-92f8-96efb754e9ad/45of2013%28E%29.pdf
"THE KANNADA DEVELOPMENT AUTHORITY ACT, 1994-ENG.pdf","THE KANNADA DEVELOPMENT AUTHORITY ACT, 1994",https://storage.googleapis.com/jugalbandi/generic_qa/e62866ab-a459-498a-92f8-96efb754e9ad/THE%20KANNADA%20DEVELOPMENT%20AUTHORITY%20ACT%2C%201994-ENG.pdf
"THE KHAJA BANDANAWAZ UNIVERSITY ACT, 2018-ENG.pdf","THE KHAJA BANDANAWAZ UNIVERSITY ACT, 2018",https://storage.googleapis.com/jugalbandi/generic_qa/e62866ab-a459-498a-92f8-96efb754e9ad/THE%20KHAJA%20BANDANAWAZ%20UNIVERSITY%20ACT%2C%202018-ENG.pdf
10 of 1978 (E) emblem.pdf,"THE KARNATAKA CERTAIN INAMS ABOLITION ACT, 1977",https://storage.googleapis.com/jugalbandi/generic_qa/e62866ab-a459-498a-92f8-96efb754e9ad/10%20of%201978%20%28E%29%20emblem.pdf
"THE KARNATAKA INFORMATION TECHNOLOGY INVESTMENT REGIONS ACT, 2010-ENG.pdf","THE KARNATAKA INFORMATION TECHNOLOGY INVESTMENT REGIONS ACT, 2010",https://storage.googleapis.com/jugalbandi/generic_qa/e62866ab-a459-498a-92f8-96efb754e9ad/THE%20KARNATAKA%20INFORMATION%20TECHNOLOGY%20INVESTMENT%20REGIONS%20ACT%2C%202010-ENG.pdf
THE KARNATAKA URBAN WATER SUPPLY AND...1973 ETC-ENG.pdf,"THE KARNATAKA URBAN WATER SUPPLY AND DRAINAGE BOARD ACT, 1973",https://storage.googleapis.com/jugalbandi/generic_qa/e62866ab-a459-498a-92f8-96efb754e9ad/THE%20KARNATAKA%20URBAN%20WATER%20SUPPLY%20AND...1973%20ETC-ENG.pdf
"THE KARNATAKA SERVICE EXAMINATIONS ACT, 1976-ENG.pdf","THE KARNATAKA SERVICE EXAMINATIONS ACT, 1976",https://storage.googleapis.com/jugalbandi/generic_qa/e62866ab-a459-498a-92f8-96efb754e9ad/THE%20KARNATAKA%20SERVICE%20EXAMINATIONS%20ACT%2C%201976-ENG.pdf
19 of 1979 Rules (E) Debt.pdf,"THE KARNATAKA DEBT RELIEF RULES, 1979",https://storage.googleapis.com/jugalbandi/generic_qa/e62866ab-a459-498a-92f8-96efb754e9ad/19%20of%201979%20Rules%20%28E%29%20Debt.pdf
"THE KARNATAKA PROFESSIONAL EDUCATIONAL INSTITUTIONS (REGULATION OF ADMISSION AND DETERMINATION OF FEE) ACT, 2006-ENG.pdf","THE KARNATAKA PROFESSIONAL EDUCATIONAL INSTITUTIONS (REGULATION OF ADMISSION AND DETERMINATION OF FEE) ACT, 2006",https://storage.googleapis.com/jugalbandi/generic_qa/e62866ab-a459-498a-92f8-96efb754e9ad/THE%20KARNATAKA%20PROFESSIONAL%20EDUCATIONAL%20INSTITUTIONS%20%28REGULATION%20OF%20ADMISSION%20AND%20DETERMINATION%20OF%20FEE%29%20ACT%2C%202006-ENG.pdf
"3 of 1899 (E)General Clauses Act, 1899 (Karnataka Act III of 1899)- Amended by Acts VII of 1949.pdf","THE KARNATAKA GENERAL CLAUSES ACT, 1899",https://storage.googleapis.com/jugalbandi/generic_qa/e62866ab-a459-498a-92f8-96efb754e9ad/3%20of%201899%20%28E%29General%20Clauses%20Act%2C%201899%20%28Karnataka%20Act%20III%20of%201899%29-%20Amended%20by%20Acts%20VII%20of%201949.pdf
6 of 1980 (E).pdf,"THE KARNATAKA COMMAND AREAS DEVELOPMENT ACT, 1980",https://storage.googleapis.com/jugalbandi/generic_qa/e62866ab-a459-498a-92f8-96efb754e9ad/6%20of%201980%20%28E%29.pdf
3 of 1961 (E).pdf,"THE KARNATAKA EVACUEE INTEREST (SEPARATION) SUPPLIMENTARY ACT, 1961",https://storage.googleapis.com/jugalbandi/generic_qa/e62866ab-a459-498a-92f8-96efb754e9ad/3%20of%201961%20%28E%29.pdf
18 of 1973 (E) emblem.pdf,"THE KARNATAKA ACQUISITION OF LANDS FOR GRANT OF HOUSE SITES ACT, 1972",https://storage.googleapis.com/jugalbandi/generic_qa/e62866ab-a459-498a-92f8-96efb754e9ad/18%20of%201973%20%28E%29%20emblem.pdf
02 of 2008 (E).pdf,"THE CHIT FUNDS (KARNATAKA AMENDMENT) ACT, 2007",https://storage.googleapis.com/jugalbandi/generic_qa/e62866ab-a459-498a-92f8-96efb754e9ad/02%20of%202008%20%28E%29.pdf
41 of 2020 (E).pdf,"The Karnataka State Civil Service (Regulation Of Transfer Of Staff Of Department Of Collegiate Education) (Repeal) Act, 2020",https://storage.googleapis.com/jugalbandi/generic_qa/e62866ab-a459-498a-92f8-96efb754e9ad/41%20of%202020%20%28E%29.pdf
"THE KARNATAKA REPEALING (REGIONAL LAWS) ACT, 2011-ENG.pdf","THE KARNATAKA REPEALING (REGIONAL LAWS) ACT, 2011",https://storage.googleapis.com/jugalbandi/generic_qa/e62866ab-a459-498a-92f8-96efb754e9ad/THE%20KARNATAKA%20REPEALING%20%28REGIONAL%20LAWS%29%20ACT%2C%202011-ENG.pdf
"THE KARNATAKA TOWN AND COUNTRY PLANNING ACT, 1961-ENG,PDF.pdf","THE KARNATAKA TOWN AND COUNTRY PLANNING ACT, 1961",https://storage.googleapis.com/jugalbandi/generic_qa/e62866ab-a459-498a-92f8-96efb754e9ad/THE%20KARNATAKA%20TOWN%20AND%20COUNTRY%20PLANNING%20ACT%2C%201961-ENG%2CPDF.pdf
2 of 1996 (E) emblem.pdf,"THE BANGALORE CITY PLANNING AREA ZONAL REGULATIONS (AMENDMENT AND VALIDATION) ACT, 1996",https://storage.googleapis.com/jugalbandi/generic_qa/e62866ab-a459-498a-92f8-96efb754e9ad/2%20of%201996%20%28E%29%20emblem.pdf
"THE KARNATAKA LAND GRABBING PROHIBITION ACT, 2011- ENG.pdf","THE KARNATAKA LAND GRABBING PROHIBITION ACT, 2011",https://storage.googleapis.com/jugalbandi/generic_qa/e62866ab-a459-498a-92f8-96efb754e9ad/THE%20KARNATAKA%20LAND%20GRABBING%20PROHIBITION%20ACT%2C%202011-%20ENG.pdf
"The Dayananda Sagar University Rules, 2019(E).pdf","DAYANANDA SAGARA UNIVERSITY ACT, 2012",https://storage.googleapis.com/jugalbandi/generic_qa/e62866ab-a459-498a-92f8-96efb754e9ad/The%20Dayananda%20Sagar%20University%20Rules%2C%202019%28E%29.pdf
18 of 1996 (E) emblem.pdf,"THE BANGALORE PALACE (ACQUISITION AND TRANSFER) ACT, 1996",https://storage.googleapis.com/jugalbandi/generic_qa/e62866ab-a459-498a-92f8-96efb754e9ad/18%20of%201996%20%28E%29%20emblem.pdf
"THE KARNATAKA PROHIBITION OF BEGGARY ACT, 1975-ENG.pdf","THE KARNATAKA PROHIBITION OF BEGGARY ACT, 1975",https://storage.googleapis.com/jugalbandi/generic_qa/e62866ab-a459-498a-92f8-96efb754e9ad/THE%20KARNATAKA%20PROHIBITION%20OF%20BEGGARY%20ACT%2C%201975-ENG.pdf
"THE KARNATAKA HIGHWAYS ACT, 1964-ENG.pdf","THE KARNATAKA HIGHWAYS ACT, 1964",https://storage.googleapis.com/jugalbandi/generic_qa/e62866ab-a459-498a-92f8-96efb754e9ad/THE%20KARNATAKA%20HIGHWAYS%20ACT%2C%201964-ENG.pdf
"THE KARNATAKA LAKE CONSERVATION AND DEVELOPMENT AUTHORITY ACT, 2014-ENG.pdf","THE KARNATAKA LAKE CONSERVATION AND DEVELOPMENT AUTHORITY ACT, 2014",https://storage.googleapis.com/jugalbandi/generic_qa/e62866ab-a459-498a-92f8-96efb754e9ad/THE%20KARNATAKA%20LAKE%20CONSERVATION%20AND%20DEVELOPMENT%20AUTHORITY%20ACT%2C%202014-ENG.pdf
"THE KARNATAKA INDUSTRIAL AREAS DEVELOPMENT ACT, 1966-ENG.pdf","THE KARNATAKA INDUSTRIAL AREAS DEVELOPMENT ACT, 1966",https://storage.googleapis.com/jugalbandi/generic_qa/e62866ab-a459-498a-92f8-96efb754e9ad/THE%20KARNATAKA%20INDUSTRIAL%20AREAS%20DEVELOPMENT%20ACT%2C%201966-ENG.pdf
"THE UNIVERSITY OF VISVESVARAYA COLLEGE OF ENGINEERING ACT, 2021-ENG.pdf","THE UNIVERSITY OF VISVESVARAYA COLLEGE OF ENGINEERING ACT, 2021",https://storage.googleapis.com/jugalbandi/generic_qa/e62866ab-a459-498a-92f8-96efb754e9ad/THE%20UNIVERSITY%20OF%20VISVESVARAYA%20COLLEGE%20OF%20ENGINEERING%20ACT%2C%202021-ENG.pdf
"THE KARNATAKA SCHEDULED CASTES, SCHEDULED TRIBES AND...ETC 1994-ENG.pdf","THE KARNATAKA SCHEDULED CASTES, SCHEDULED TRIBES AND OTHER BACKWARD CLASSES (RESERVATION OF SEATS IN EDUCATIONAL INSTITUTIONS AND OF APPOINTMENT OR POSTS IN THE SERVICES UNDER THE STATE ACT, 1994",https://storage.googleapis.com/jugalbandi/generic_qa/e62866ab-a459-498a-92f8-96efb754e9ad/THE%20KARNATAKA%20SCHEDULED%20CASTES%2C%20SCHEDULED%20TRIBES%20AND...ETC%201994-ENG.pdf
"THE KARNATAKA PUBLIC SAFETY (MEASURES) ENFORCEMENT ACT, 2017-ENG.pdf","THE KARNATAKA PUBLIC SAFETY (MEASURES) ENFORCEMENT ACT, 2017",https://storage.googleapis.com/jugalbandi/generic_qa/e62866ab-a459-498a-92f8-96efb754e9ad/THE%20KARNATAKA%20PUBLIC%20SAFETY%20%28MEASURES%29%20ENFORCEMENT%20ACT%2C%202017-ENG.pdf
THE KARNATAKA STATE COMMISSION FOR THE SCHEDULED CASTES AND...ETC 2002-ENG.pdf,"THE KARNATAKA STATE COMMISSION FOR THE SCHEDULED CASTES AND THE SCHEDULED TRIBES ACT, 2002",https://storage.googleapis.com/jugalbandi/generic_qa/e62866ab-a459-498a-92f8-96efb754e9ad/THE%20KARNATAKA%20STATE%20COMMISSION%20FOR%20THE%20SCHEDULED%20CASTES%20AND...ETC%202002-ENG.pdf
18 of 1961 (E) emblem.pdf,"THE KARNATAKA ANIMAL DISEASES (CONTROL) ACT, 1961",https://storage.googleapis.com/jugalbandi/generic_qa/e62866ab-a459-498a-92f8-96efb754e9ad/18%20of%201961%20%28E%29%20emblem.pdf
44 of 2003 (E).pdf,"THE KARNATAKA GROUND WATER (REGULATION FOR PROTECTION OF SOURCES OF DRINKING WATER) ACT, 1999",https://storage.googleapis.com/jugalbandi/generic_qa/e62866ab-a459-498a-92f8-96efb754e9ad/44%20of%202003%20%28E%29.pdf
THE KARNATAKA SCHEDULED CASTES AND SCHEDULED TRIBES (PROHIBITION....ETC 1978-ENG.pdf,"THE KARNATAKA SCHEDULED CASTES AND SCHEDULED TRIBES (PROHIBITION OF TRANSFER OF CERTAIN LANDS) ACT, 1978",https://storage.googleapis.com/jugalbandi/generic_qa/e62866ab-a459-498a-92f8-96efb754e9ad/THE%20KARNATAKA%20SCHEDULED%20CASTES%20AND%20SCHEDULED%20TRIBES%20%28PROHIBITION....ETC%201978-ENG.pdf
THE KARNATAKA REPEALING OF CERTAIN ENACTMENTS AND...2020 ETC-ENG.pdf,"KARNATAKA ACT NO. 52 OF 2020 THE KARNATAKA REPEALING OF CERTAIN ENACTMENTS AND REGIONAL LAWS Act, 2020",https://storage.googleapis.com/jugalbandi/generic_qa/e62866ab-a459-498a-92f8-96efb754e9ad/THE%20KARNATAKA%20REPEALING%20OF%20CERTAIN%20ENACTMENTS%20AND...2020%20ETC-ENG.pdf
"THE KARNATAKA LAND (RESTRICTION ON TRANSFER) ACT, 1991-ENG.pdf","THE KARNATAKA LAND (RESTRICTION ON TRANSFER) ACT, 1991",https://storage.googleapis.com/jugalbandi/generic_qa/e62866ab-a459-498a-92f8-96efb754e9ad/THE%20KARNATAKA%20LAND%20%28RESTRICTION%20ON%20TRANSFER%29%20ACT%2C%201991-ENG.pdf
THE TUNGA BHADRA SUGARS (DEVI SUGARS) LIMITED (ACQUISITION AND....ETC 2001-ENG.pdf,"THE TUNGA BHADRA SUGARS (DEVI SUGARS) LIMITED (ACQUISITION AND TRANSFER OF UNDERTAKING) (REPEAL) ACT, 2001",https://storage.googleapis.com/jugalbandi/generic_qa/e62866ab-a459-498a-92f8-96efb754e9ad/THE%20TUNGA%20BHADRA%20SUGARS%20%28DEVI%20SUGARS%29%20LIMITED%20%28ACQUISITION%20AND....ETC%202001-ENG.pdf
"22 of 2015 (E)THE KANNADA LANGUAGE LEARNING ACT, 2015-ENG.pdf","THE KANNADA LANGUAGE LEARNING ACT, 2015",https://storage.googleapis.com/jugalbandi/generic_qa/e62866ab-a459-498a-92f8-96efb754e9ad/22%20of%202015%20%28E%29THE%20KANNADA%20LANGUAGE%20LEARNING%20ACT%2C%202015-ENG.pdf
"The Karnataka Selection of candidates for Admission to Medical, Dental and...ETC 2004-ENG.pdf","The Karnataka Selection of candidates for Admission to Medical, Dental and Engineering Courses (Special Provisions) Act, 2004",https://storage.googleapis.com/jugalbandi/generic_qa/e62866ab-a459-498a-92f8-96efb754e9ad/The%20Karnataka%20Selection%20of%20candidates%20for%20Admission%20to%20Medical%2C%20Dental%20and...ETC%202004-ENG.pdf
A1908-05 (E).pdf,"THE CODE OF CIVIL PROCEDURE, 1908",https://storage.googleapis.com/jugalbandi/generic_qa/e62866ab-a459-498a-92f8-96efb754e9ad/A1908-05%20%28E%29.pdf
23 of 1964 (E).pdf,"THE KARNATAKA CINEMAS (REGULATION) ACT, 1964",https://storage.googleapis.com/jugalbandi/generic_qa/e62866ab-a459-498a-92f8-96efb754e9ad/23%20of%201964%20%28E%29.pdf
"THE KARNATAKA SAMSKRITA VISHWAVIDYALAYA ACT, 2009-ENG.pdf","THE KARNATAKA SAMSKRITA VISHWAVIDYALAYA ACT, 2009",https://storage.googleapis.com/jugalbandi/generic_qa/e62866ab-a459-498a-92f8-96efb754e9ad/THE%20KARNATAKA%20SAMSKRITA%20VISHWAVIDYALAYA%20ACT%2C%202009-ENG.pdf
27 of 1987 (E).pdf,"THE CODE OF CRIMINAL PROCEDURE (KARNATAKA AMENDMENT) ACT, 1987",https://storage.googleapis.com/jugalbandi/generic_qa/e62866ab-a459-498a-92f8-96efb754e9ad/27%20of%201987%20%28E%29.pdf
"20 of 2019 (E)Dr. B. R. Ambedkar School of Economics University, Bengaluru Act, 2018(20 of 2019)- Amended by Act 05 of 2021..pdf","DR. B.R. AMBEDKAR SCHOOL OF ECONOMICS UNIVERSITY, BENGALURU ACT, 2018",https://storage.googleapis.com/jugalbandi/generic_qa/e62866ab-a459-498a-92f8-96efb754e9ad/20%20of%202019%20%28E%29Dr.%20B.%20R.%20Ambedkar%20School%20of%20Economics%20University%2C%20Bengaluru%20Act%2C%202018%2820%20of%202019%29-%20Amended%20by%20Act%2005%20of%202021..pdf
11 of 1999 (E).pdf,"THE KARNATAKA CEILING ON GOVERNMENT GUARANTEES ACT, 1999",https://storage.googleapis.com/jugalbandi/generic_qa/e62866ab-a459-498a-92f8-96efb754e9ad/11%20of%201999%20%28E%29.pdf
10 of 1976 (E) emblem.pdf,"THE KARNATAKA APPELLATE TRIBUNAL ACT, 1976",https://storage.googleapis.com/jugalbandi/generic_qa/e62866ab-a459-498a-92f8-96efb754e9ad/10%20of%201976%20%28E%29%20emblem.pdf
27 of 1966 (E) emblem.pdf,"THE KARNATAKA AGRICULTURAL PRODUCE MARKETING (REGULATION AND DEVELOPMENT) ACT, 1966",https://storage.googleapis.com/jugalbandi/generic_qa/e62866ab-a459-498a-92f8-96efb754e9ad/27%20of%201966%20%28E%29%20emblem.pdf
09 of 2017 (E) emblem.pdf,"THE KARNATAKA STATE CIVIL SERVICES (REGULATION OF TRANSFERS AND POSTINGS OF FOREST OFFICERS AND OTHER OFFICIALS) ACT, 2016",https://storage.googleapis.com/jugalbandi/generic_qa/e62866ab-a459-498a-92f8-96efb754e9ad/09%20of%202017%20%28E%29%20emblem.pdf
2 of 1985 (E) emblem.pdf,"THE KARNATAKA ADVOCATES' WELFARE FUND ACT, 1983",https://storage.googleapis.com/jugalbandi/generic_qa/e62866ab-a459-498a-92f8-96efb754e9ad/2%20of%201985%20%28E%29%20emblem.pdf
13 of 1980 (E) emblem.pdf,"THE BANGALORE CITY CIVIL COURT ACT, 1979",https://storage.googleapis.com/jugalbandi/generic_qa/e62866ab-a459-498a-92f8-96efb754e9ad/13%20of%201980%20%28E%29%20emblem.pdf
"THE KARNATAKA PRISON DEVELOPMENT BOARD ACT, 2021-ENG.pdf","THE KARNATAKA PRISON DEVELOPMENT BOARD ACT, 2021",https://storage.googleapis.com/jugalbandi/generic_qa/e62866ab-a459-498a-92f8-96efb754e9ad/THE%20KARNATAKA%20PRISON%20DEVELOPMENT%20BOARD%20ACT%2C%202021-ENG.pdf
15 of 1967 (E) emblem.pdf,"THE KARNATAKA (ABOLITION OF CASH GRANTS) ACT, 1967",https://storage.googleapis.com/jugalbandi/generic_qa/e62866ab-a459-498a-92f8-96efb754e9ad/15%20of%201967%20%28E%29%20emblem.pdf
"THE KARNATAKA STATE PUBLIC RECORDS ACT, 2010-ENG.pdf","THE KARNATAKA STATE PUBLIC RECORDS ACT, 2010",https://storage.googleapis.com/jugalbandi/generic_qa/e62866ab-a459-498a-92f8-96efb754e9ad/THE%20KARNATAKA%20STATE%20PUBLIC%20RECORDS%20ACT%2C%202010-ENG.pdf
THE KARNATAKA SUGARCANE...2013 ETC-ENG.pdf,"THE KARNATAKA SUGARCANE (REGULATION OF PURCHASE AND SUPPLY) ACT, 2013",https://storage.googleapis.com/jugalbandi/generic_qa/e62866ab-a459-498a-92f8-96efb754e9ad/THE%20KARNATAKA%20SUGARCANE...2013%20ETC-ENG.pdf
"THE KARNATAKA SAKAALA SERVICES ACT, 2011-ENG.pdf","THE KARNATAKA SAKAALA SERVICES ACT, 2011",https://storage.googleapis.com/jugalbandi/generic_qa/e62866ab-a459-498a-92f8-96efb754e9ad/THE%20KARNATAKA%20SAKAALA%20SERVICES%20ACT%2C%202011-ENG.pdf
"51 of 1976 (E)The Karnataka Power Transmission Corporation(Recovery of Dues) Act, 1976(51 of 1976) Amended by Act 27 of 2001..pdf","THE KARNATAKA POWER TRANSMISSION CORPORATION (RECOVERY OF DUES) ACT, 1976",https://storage.googleapis.com/jugalbandi/generic_qa/e62866ab-a459-498a-92f8-96efb754e9ad/51%20of%201976%20%28E%29The%20Karnataka%20Power%20Transmission%20Corporation%28Recovery%20of%20Dues%29%20Act%2C%201976%2851%20of%201976%29%20Amended%20by%20Act%2027%20of%202001..pdf
"THE KARNATAKA STATE COMMISSION FOR BACKWARD CLASSES ACT, 1995-ENG.pdf","THE KARNATAKA STATE COMMISSION FOR BACKWARD CLASSES ACT, 1995",https://storage.googleapis.com/jugalbandi/generic_qa/e62866ab-a459-498a-92f8-96efb754e9ad/THE%20KARNATAKA%20STATE%20COMMISSION%20FOR%20BACKWARD%20CLASSES%20ACT%2C%201995-ENG.pdf
"THE KARNATAKA STATE MINORITIES COMMISSION ACT, 1994 (E).pdf","THE KARNATAKA STATE MINORITIES COMMISSION ACT, 1994",https://storage.googleapis.com/jugalbandi/generic_qa/e62866ab-a459-498a-92f8-96efb754e9ad/THE%20KARNATAKA%20STATE%20MINORITIES%20COMMISSION%20ACT%2C%201994%20%28E%29.pdf
9 of 1962 (E) emblem.pdf,"THE KARNATAKA AYURVEDIC, NATUROPATHY, SIDDHA, UNANI AND YOGA PRACTITIONERS REGISTRATION AND MEDICAL PRACTITIONERS MISCELLANEOUS PROVISIONS ACT, 1961",https://storage.googleapis.com/jugalbandi/generic_qa/e62866ab-a459-498a-92f8-96efb754e9ad/9%20of%201962%20%28E%29%20emblem.pdf
22 of 2021 (E).pdf,"THE ATRIA UNIVERSITY ACT, 2020",https://storage.googleapis.com/jugalbandi/generic_qa/e62866ab-a459-498a-92f8-96efb754e9ad/22%20of%202021%20%28E%29.pdf
"THE KARNATAKA PROVISIONAL COLLECTION OF TAXES ACT, 1974-ENG.pdf","THE KARNATAKA PROVISIONAL COLLECTION OF TAXES ACT, 1974",https://storage.googleapis.com/jugalbandi/generic_qa/e62866ab-a459-498a-92f8-96efb754e9ad/THE%20KARNATAKA%20PROVISIONAL%20COLLECTION%20OF%20TAXES%20ACT%2C%201974-ENG.pdf
04 of 2017 (E) emblem.pdf,"THE KARNATAKA ALTERATION OF NAMES OF CERTAIN PLACES ACT, 2016",https://storage.googleapis.com/jugalbandi/generic_qa/e62866ab-a459-498a-92f8-96efb754e9ad/04%20of%202017%20%28E%29%20emblem.pdf
"THE KARNATAKA STATE SERVANTS (DETERMINATION OF AGE) ACT, 1974-ENG.pdf","THE KARNATAKA STATE SERVANTS (DETERMINATION OF AGE) ACT, 1974",https://storage.googleapis.com/jugalbandi/generic_qa/e62866ab-a459-498a-92f8-96efb754e9ad/THE%20KARNATAKA%20STATE%20SERVANTS%20%28DETERMINATION%20OF%20AGE%29%20ACT%2C%201974-ENG.pdf
THE KARNATAKA RESERVATION OF APPOINTMENT OR POSTS (IN THE....ETC 2000-ENG.pdf,"THE KARNATAKA RESERVATION OF APPOINTMENT OR POSTS (IN THE CIVIL SERVICES OF THE STATE) FOR RURAL CANDIDTES ACT, 2000",https://storage.googleapis.com/jugalbandi/generic_qa/e62866ab-a459-498a-92f8-96efb754e9ad/THE%20KARNATAKA%20RESERVATION%20OF%20APPOINTMENT%20OR%20POSTS%20%28IN%20THE....ETC%202000-ENG.pdf
10 of 1982 (E).pdf,"THE KARNATAKA ECONOMIC OFFENCES (INAPPLICABILITY OF LIMITATION) ACT, 1981",https://storage.googleapis.com/jugalbandi/generic_qa/e62866ab-a459-498a-92f8-96efb754e9ad/10%20of%201982%20%28E%29.pdf
11 of 1974 (E).pdf,"THE KARNATAKA STATE CIVIL SERVICES (REGULATION OF PROMOTION, PAY AND PENSION) ACT, 1973",https://storage.googleapis.com/jugalbandi/generic_qa/e62866ab-a459-498a-92f8-96efb754e9ad/11%20of%201974%20%28E%29.pdf
37 of 1984 (E).pdf,"THE KARNATAKA EDUCATIONAL INSTITUTIONS (PROHIBITION OF CAPITATION FEE) ACT, 1984",https://storage.googleapis.com/jugalbandi/generic_qa/e62866ab-a459-498a-92f8-96efb754e9ad/37%20of%201984%20%28E%29.pdf
2 of 1975 (E) emblem.pdf,"THE KARNATAKA AGRICULTURAL CREDIT OPERATIONS AND MISCELLANEOUS PROVISIONS ACT, 1974",https://storage.googleapis.com/jugalbandi/generic_qa/e62866ab-a459-498a-92f8-96efb754e9ad/2%20of%201975%20%28E%29%20emblem.pdf
"THE KARNATAKA LEGISLATURE (PROHIBITION OF SIMULTANEOUS MEMBERSHIP) ACT, 1956 - ENG.pdf","THE KARNATAKA LEGISLATURE (PROHIBITION OF SIMULTANEOUS MEMBERSHIP) ACT, 1956",https://storage.googleapis.com/jugalbandi/generic_qa/e62866ab-a459-498a-92f8-96efb754e9ad/THE%20KARNATAKA%20LEGISLATURE%20%28PROHIBITION%20OF%20SIMULTANEOUS%20MEMBERSHIP%29%20ACT%2C%201956%20-%20ENG.pdf
THE KARNATAKA URBAN DEVELOPMENT...1987 ETC-ENG.pdf,"THE KARNATAKA URBAN DEVELOPMENT AUTHORITIES ACT, 1987",https://storage.googleapis.com/jugalbandi/generic_qa/e62866ab-a459-498a-92f8-96efb754e9ad/THE%20KARNATAKA%20URBAN%20DEVELOPMENT...1987%20ETC-ENG.pdf